PRAGMA defer_foreign_keys=TRUE;
CREATE TABLE usuarios (   id INTEGER PRIMARY KEY,   username TEXT UNIQUE,   pin TEXT,   rol TEXT,   activo INTEGER,   created_at DATETIME DEFAULT CURRENT_TIMESTAMP );
INSERT INTO "usuarios" ("id","username","pin","rol","activo","created_at") VALUES(1,'admin','1234','Administrador',1,'2026-04-21 05:40:10');
CREATE TABLE entradas (   id INTEGER PRIMARY KEY,   placa TEXT UNIQUE,   cliente TEXT,   marca TEXT,   modelo TEXT,   color TEXT,   telefono TEXT,   observaciones TEXT,   usuario_registra TEXT,   hora_entrada DATETIME DEFAULT CURRENT_TIMESTAMP,   fotos JSON );
INSERT INTO "entradas" ("id","placa","cliente","marca","modelo","color","telefono","observaciones","usuario_registra","hora_entrada","fotos") VALUES(1,'ABC-123','NICOLAS BETANCOURT','TOYOTA','AUTANA','AZUL','04142987798','DIRECTOR EYE STAFF','admin','2026-04-21 05:47:47','["https://valet-parking-photos.r2.cdn.com/entradas/ABC-123-1-1776750467089.jpg"]');
INSERT INTO "entradas" ("id","placa","cliente","marca","modelo","color","telefono","observaciones","usuario_registra","hora_entrada","fotos") VALUES(2,'XJG-029','NELSON CARRILLO','FIAT','PREMIO','BLANCO','+34722838789','','admin','2026-04-21 05:49:08','["https://valet-parking-photos.r2.cdn.com/entradas/XJG-029-1-1776750548499.jpg"]');
INSERT INTO "entradas" ("id","placa","cliente","marca","modelo","color","telefono","observaciones","usuario_registra","hora_entrada","fotos") VALUES(3,'XPL-021','ALFONSO CALABRESE','MERCEDES','VAN','NEGRA','+17546669898','','admin','2026-04-21 06:05:32','[]');
INSERT INTO "entradas" ("id","placa","cliente","marca","modelo","color","telefono","observaciones","usuario_registra","hora_entrada","fotos") VALUES(4,'XXX-999','MAIFER BARRUETA','FORD','FOCUS','BLANCO','8889987','','admin','2026-04-21 06:08:35','["/api/fotos/entradas/XXX-999-1-1776751714974.jpg"]');
INSERT INTO "entradas" ("id","placa","cliente","marca","modelo","color","telefono","observaciones","usuario_registra","hora_entrada","fotos") VALUES(5,'XXX-998','PEDRO CASTILLO','FORD','FOCUS','BLANCO','34555555','','admin','2026-04-21 06:27:11','["/api/fotos/entradas/XXX-998-1-1776752831585.jpg"]');
INSERT INTO "entradas" ("id","placa","cliente","marca","modelo","color","telefono","observaciones","usuario_registra","hora_entrada","fotos") VALUES(6,'QQQ-444','ANTONIO','FIAT','BRAVA','AZUL','333333333','','admin','2026-04-21 08:23:06','["/api/fotos/entradas/QQQ-444-1-1776759785940.jpg"]');
CREATE TABLE salidas (   id INTEGER PRIMARY KEY,   placa TEXT,   cliente TEXT,   hora_salida DATETIME,   comentarios TEXT,   precio DECIMAL,   usuario_registra TEXT,   entrada_id INTEGER,   created_at DATETIME DEFAULT CURRENT_TIMESTAMP );
INSERT INTO "salidas" ("id","placa","cliente","hora_salida","comentarios","precio","usuario_registra","entrada_id","created_at") VALUES(1,'XXX-999','MAIFER BARRUETA','2026-04-21T06:20:00.892Z','Retira la chofer',20,'admin',4,'2026-04-21 06:20:01');
INSERT INTO "salidas" ("id","placa","cliente","hora_salida","comentarios","precio","usuario_registra","entrada_id","created_at") VALUES(2,'XPL-021','ALFONSO CALABRESE','2026-04-21T08:23:37.784Z','',50,'admin',3,'2026-04-21 08:23:38');
CREATE TABLE users (
  id INTEGER PRIMARY KEY AUTOINCREMENT,
  name TEXT NOT NULL,
  pin_hash TEXT NOT NULL,
  role TEXT NOT NULL CHECK(role IN ('driver','supervisor','director')),
  created_at TEXT DEFAULT CURRENT_TIMESTAMP
, cedula TEXT, sector TEXT, phone TEXT, emergency_contact TEXT, emergency_phone TEXT, is_allergic TEXT, current_session_id INTEGER, bank_name TEXT, bank_account TEXT, status TEXT, cargo TEXT, birth_date TEXT, email TEXT, address TEXT, photo_url TEXT);
INSERT INTO "users" ("id","name","pin_hash","role","created_at","cedula","sector","phone","emergency_contact","emergency_phone","is_allergic","current_session_id","bank_name","bank_account","status","cargo","birth_date","email","address","photo_url") VALUES(335,'JOHNYS VELASQUEZ','L147','driver','2026-04-25 14:28:29','29935147','PETARE','0424 1549682',NULL,NULL,NULL,NULL,NULL,NULL,'ACTIVO','LOGISTICA','37380','johnysjohnys7@gmail.com','LUCIA KM1 BARRIO JULIAN ',NULL);
INSERT INTO "users" ("id","name","pin_hash","role","created_at","cedula","sector","phone","emergency_contact","emergency_phone","is_allergic","current_session_id","bank_name","bank_account","status","cargo","birth_date","email","address","photo_url") VALUES(336,'JOSE BEJARANO','L675','driver','2026-04-25 14:28:30','13537675','','',NULL,NULL,NULL,NULL,NULL,NULL,'ACTIVO','LOGISTICA','','','',NULL);
INSERT INTO "users" ("id","name","pin_hash","role","created_at","cedula","sector","phone","emergency_contact","emergency_phone","is_allergic","current_session_id","bank_name","bank_account","status","cargo","birth_date","email","address","photo_url") VALUES(337,'LUIS CASTRO','L472','driver','2026-04-25 14:28:31','13872472','LONGARAY','0412-0155829',NULL,NULL,NULL,NULL,NULL,NULL,'ACTIVO','LOGISTICA','29035','LUISALEXX13872472@GMAIL.COM','ALI PRIMERA',NULL);
INSERT INTO "users" ("id","name","pin_hash","role","created_at","cedula","sector","phone","emergency_contact","emergency_phone","is_allergic","current_session_id","bank_name","bank_account","status","cargo","birth_date","email","address","photo_url") VALUES(338,'JULIO BRAZON','L066','driver','2026-04-25 14:28:32','25329066','','0414-2542184',NULL,NULL,NULL,NULL,NULL,NULL,'ACTIVO','LOGISTICA','35338','JULIOBRAZON123456@GMAIL.COM','ANTIMANO',NULL);
INSERT INTO "users" ("id","name","pin_hash","role","created_at","cedula","sector","phone","emergency_contact","emergency_phone","is_allergic","current_session_id","bank_name","bank_account","status","cargo","birth_date","email","address","photo_url") VALUES(339,'ISAAC DIAZ','L820','driver','2026-04-25 14:28:33','27107820','','',NULL,NULL,NULL,NULL,NULL,NULL,'ACTIVO','LOGISTICA','','','',NULL);
INSERT INTO "users" ("id","name","pin_hash","role","created_at","cedula","sector","phone","emergency_contact","emergency_phone","is_allergic","current_session_id","bank_name","bank_account","status","cargo","birth_date","email","address","photo_url") VALUES(340,'MAIKEL AVILA','L305','driver','2026-04-25 14:28:34','13686305','','',NULL,NULL,NULL,NULL,NULL,NULL,'ACTIVO','LOGISTICA','','','',NULL);
INSERT INTO "users" ("id","name","pin_hash","role","created_at","cedula","sector","phone","emergency_contact","emergency_phone","is_allergic","current_session_id","bank_name","bank_account","status","cargo","birth_date","email","address","photo_url") VALUES(341,'JOSEPH PAZOS','L817','driver','2026-04-25 14:28:34','20613817','','',NULL,NULL,NULL,NULL,NULL,NULL,'ACTIVO','LOGISTICA','','','',NULL);
INSERT INTO "users" ("id","name","pin_hash","role","created_at","cedula","sector","phone","emergency_contact","emergency_phone","is_allergic","current_session_id","bank_name","bank_account","status","cargo","birth_date","email","address","photo_url") VALUES(342,'REINALDO GERDEL','L360','driver','2026-04-25 14:28:35','13871360','','',NULL,NULL,NULL,NULL,NULL,NULL,'ACTIVO','LOGISTICA','','','',NULL);
INSERT INTO "users" ("id","name","pin_hash","role","created_at","cedula","sector","phone","emergency_contact","emergency_phone","is_allergic","current_session_id","bank_name","bank_account","status","cargo","birth_date","email","address","photo_url") VALUES(343,'ENRIQUE DE','L558','driver','2026-04-25 14:28:36','13750558','ALTA VISTA','',NULL,NULL,NULL,NULL,NULL,NULL,'ACTIVO','LOGISTICA','28940','','CATIA',NULL);
INSERT INTO "users" ("id","name","pin_hash","role","created_at","cedula","sector","phone","emergency_contact","emergency_phone","is_allergic","current_session_id","bank_name","bank_account","status","cargo","birth_date","email","address","photo_url") VALUES(344,'LUIS CASTILLO','L745','driver','2026-04-25 14:28:37','29956745','','0412-6143922',NULL,NULL,NULL,NULL,NULL,NULL,'ACTIVO','LOGISTICA','36448','','',NULL);
INSERT INTO "users" ("id","name","pin_hash","role","created_at","cedula","sector","phone","emergency_contact","emergency_phone","is_allergic","current_session_id","bank_name","bank_account","status","cargo","birth_date","email","address","photo_url") VALUES(345,'JOSSER RIVAS','P117','supervisor','2026-04-25 14:28:46','11941117','COLINAS DE BELLO MONTE','0414 2537468',NULL,NULL,NULL,NULL,NULL,NULL,'INACTIVO','JEFE DE GRUPO / ORO 3','27247','adriangarcia063@hotmail.com','EDIF. A5, PB, APTO. 11, CALLE GARCILAZO CON AV. CARONI',NULL);
INSERT INTO "users" ("id","name","pin_hash","role","created_at","cedula","sector","phone","emergency_contact","emergency_phone","is_allergic","current_session_id","bank_name","bank_account","status","cargo","birth_date","email","address","photo_url") VALUES(346,'JOSÉ RAMOS','P783','supervisor','2026-04-25 14:28:47','13736783','MARICHE','0414 2649662',NULL,NULL,NULL,NULL,NULL,NULL,'ACTIVO','COORDINADOR / BRONCE 10','27887','jmrg0507@gmail.com','MARICHE TERRAZAS DE GUAICOCO',NULL);
INSERT INTO "users" ("id","name","pin_hash","role","created_at","cedula","sector","phone","emergency_contact","emergency_phone","is_allergic","current_session_id","bank_name","bank_account","status","cargo","birth_date","email","address","photo_url") VALUES(347,'FRANCYS RANGEL','P809','supervisor','2026-04-25 14:28:48','23513809','CHARALLAVE','0416 2915377',NULL,NULL,NULL,NULL,NULL,NULL,'INACTIVO','COORDINADOR / BRONCE 40','34450','ciiz_26@hotmail.com','CASA 18, SUR 1, SAMANES DE BETANIA',NULL);
INSERT INTO "users" ("id","name","pin_hash","role","created_at","cedula","sector","phone","emergency_contact","emergency_phone","is_allergic","current_session_id","bank_name","bank_account","status","cargo","birth_date","email","address","photo_url") VALUES(348,'ANTONY SALAZAR','P986','supervisor','2026-04-25 14:28:49','20678986','PETARE','0426 4153827',NULL,NULL,NULL,NULL,NULL,NULL,'INACTIVO','COORDINADOR AUXILIAR','34228','antonysalazar_1993@hotmail.com','CASA S/N, BARRIO SAN BLAS, SECTOR 2',NULL);
INSERT INTO "users" ("id","name","pin_hash","role","created_at","cedula","sector","phone","emergency_contact","emergency_phone","is_allergic","current_session_id","bank_name","bank_account","status","cargo","birth_date","email","address","photo_url") VALUES(349,'MANUEL VARGAS O','P539','supervisor','2026-04-25 14:28:49','22908539','SAN ANTONIO DE LOS ALTOS','0426 1895655',NULL,NULL,NULL,NULL,NULL,NULL,'INACTIVO','COORDINADOR AUXILIAR','33796','manuel_mavo11@hotmail.com','CALLE MONROY, AV.LA CASCADA, QUINTA MI REFUJIO',NULL);
INSERT INTO "users" ("id","name","pin_hash","role","created_at","cedula","sector","phone","emergency_contact","emergency_phone","is_allergic","current_session_id","bank_name","bank_account","status","cargo","birth_date","email","address","photo_url") VALUES(350,'ANTHONY SUAREZ','L116','driver','2026-04-25 14:28:50','','','0412 6024629',NULL,NULL,NULL,NULL,NULL,NULL,'ACTIVO','LOGISTICA','','','',NULL);
INSERT INTO "users" ("id","name","pin_hash","role","created_at","cedula","sector","phone","emergency_contact","emergency_phone","is_allergic","current_session_id","bank_name","bank_account","status","cargo","birth_date","email","address","photo_url") VALUES(351,'LEONARDO ALEZARD','L762','driver','2026-04-25 14:28:50','24407762','SANTA TERESA DEL TUY','0412 6234536',NULL,NULL,NULL,NULL,NULL,NULL,'INACTIVO','LOGISTICA','34726','l.j.alezard@gmail.com','CASA S/N, CALLE TAMANACO, LA CULTA',NULL);
INSERT INTO "users" ("id","name","pin_hash","role","created_at","cedula","sector","phone","emergency_contact","emergency_phone","is_allergic","current_session_id","bank_name","bank_account","status","cargo","birth_date","email","address","photo_url") VALUES(352,'GABRIEL SANCHEZ','L633','driver','2026-04-25 14:28:50','31784633','','0412-9317772',NULL,NULL,NULL,NULL,NULL,NULL,'ACTIVO','LOGISTICA','38749','','',NULL);
INSERT INTO "users" ("id","name","pin_hash","role","created_at","cedula","sector","phone","emergency_contact","emergency_phone","is_allergic","current_session_id","bank_name","bank_account","status","cargo","birth_date","email","address","photo_url") VALUES(353,'ELENA ALVAREZ F','L298','driver','2026-04-25 14:28:51','19993298','LAS MINITAS','0426 3218134',NULL,NULL,NULL,NULL,NULL,NULL,'INACTIVO','LOGISTICA','32733','elenaalvarezferrer@yahoo.es','ZONA INDUSTRIAL LA NAYA CALLE MARA LAS MINITAS',NULL);
INSERT INTO "users" ("id","name","pin_hash","role","created_at","cedula","sector","phone","emergency_contact","emergency_phone","is_allergic","current_session_id","bank_name","bank_account","status","cargo","birth_date","email","address","photo_url") VALUES(354,'MARIANNY CASTELLANOS','L205','driver','2026-04-25 14:28:51','27599205','FUERZAS ARMADAS','0424 2188609',NULL,NULL,NULL,NULL,NULL,NULL,'ACTIVO','LOGISTICA','36292','marianny_12-2009@hotmail.com','EDIF. IBERIA, PISO 5, APTO. 16, ESQ. SAN RAMÓN',NULL);
INSERT INTO "users" ("id","name","pin_hash","role","created_at","cedula","sector","phone","emergency_contact","emergency_phone","is_allergic","current_session_id","bank_name","bank_account","status","cargo","birth_date","email","address","photo_url") VALUES(355,'STEVENS ALZOLAR','L362','driver','2026-04-25 14:28:52','18728362','OCUMARE DEL TUY','',NULL,NULL,NULL,NULL,NULL,NULL,'INACTIVO','LOGISTICA','30849','stevens_alzolar@hotmail.com','CASA 5, CALLE ARAGUITA II, SECTOR 28C',NULL);
INSERT INTO "users" ("id","name","pin_hash","role","created_at","cedula","sector","phone","emergency_contact","emergency_phone","is_allergic","current_session_id","bank_name","bank_account","status","cargo","birth_date","email","address","photo_url") VALUES(356,'ALEJANDRO AL','L231','driver','2026-04-25 14:28:52','26466231','SABANA GRANDE','0424 1625395',NULL,NULL,NULL,NULL,NULL,NULL,'ACTIVO','LOGISTICA','35172','alejandroalmaaz@gmail.com','SABANA GRANDE URB LAS DELICIAS',NULL);
INSERT INTO "users" ("id","name","pin_hash","role","created_at","cedula","sector","phone","emergency_contact","emergency_phone","is_allergic","current_session_id","bank_name","bank_account","status","cargo","birth_date","email","address","photo_url") VALUES(357,'JUAN BIGOTT','L153','driver','2026-04-25 14:28:53','28315153','COLINAS DE BELLO MONTE','0414 2069598',NULL,NULL,NULL,NULL,NULL,NULL,'INACTIVO','LOGISTICA','36841','bigottjuan@gmail.com','FINAL AV CARONI RES MIÑA',NULL);
INSERT INTO "users" ("id","name","pin_hash","role","created_at","cedula","sector","phone","emergency_contact","emergency_phone","is_allergic","current_session_id","bank_name","bank_account","status","cargo","birth_date","email","address","photo_url") VALUES(358,'JHONYS VELASQUEZ','L147','driver','2026-04-25 14:28:53','29935147','SANTA LUCIA','0424-1549682',NULL,NULL,NULL,NULL,NULL,NULL,'ACTIVO','LOGISTICA','37380','johnysjohnys7@gmail.com','PETARE',NULL);
INSERT INTO "users" ("id","name","pin_hash","role","created_at","cedula","sector","phone","emergency_contact","emergency_phone","is_allergic","current_session_id","bank_name","bank_account","status","cargo","birth_date","email","address","photo_url") VALUES(359,'LUZ BLANCO','L238','driver','2026-04-25 14:28:54','25539238','URB .SOCIALISTA, CIUDAD BELEN TERRAZA 37.','0416 6044086',NULL,NULL,NULL,NULL,NULL,NULL,'INACTIVO','LOGISTICA','34317','luztahiri@hotmail.com','GUARENAS , EDO MIRANDA.',NULL);
INSERT INTO "users" ("id","name","pin_hash","role","created_at","cedula","sector","phone","emergency_contact","emergency_phone","is_allergic","current_session_id","bank_name","bank_account","status","cargo","birth_date","email","address","photo_url") VALUES(360,'ANTHONY ORTEGA','L599','driver','2026-04-25 14:28:54','21183599','','0412-6104665',NULL,NULL,NULL,NULL,NULL,NULL,'ACTIVO','LOGISTICA','','','',NULL);
INSERT INTO "users" ("id","name","pin_hash","role","created_at","cedula","sector","phone","emergency_contact","emergency_phone","is_allergic","current_session_id","bank_name","bank_account","status","cargo","birth_date","email","address","photo_url") VALUES(361,'YORBY MORANTE','L179','driver','2026-04-25 14:28:55','24759179','','',NULL,NULL,NULL,NULL,NULL,NULL,'ACTIVO','LOGISTICA','','','',NULL);
INSERT INTO "users" ("id","name","pin_hash","role","created_at","cedula","sector","phone","emergency_contact","emergency_phone","is_allergic","current_session_id","bank_name","bank_account","status","cargo","birth_date","email","address","photo_url") VALUES(362,'KRISTIAN RODRIGO','L669','driver','2026-04-25 14:28:56','18460669','','',NULL,NULL,NULL,NULL,NULL,NULL,'ACTIVO','LOGISTICA','','','',NULL);
INSERT INTO "users" ("id","name","pin_hash","role","created_at","cedula","sector","phone","emergency_contact","emergency_phone","is_allergic","current_session_id","bank_name","bank_account","status","cargo","birth_date","email","address","photo_url") VALUES(363,'RICHARD BURGOS','L492','driver','2026-04-25 14:29:06','22762492','','0412 3929262',NULL,NULL,NULL,NULL,NULL,NULL,'INACTIVO','LOGISTICA','34029','BRIANA2015_RICHARD@HOTMAIL.COM','MARIPEREZ,AV, AMDRES BELLO',NULL);
INSERT INTO "users" ("id","name","pin_hash","role","created_at","cedula","sector","phone","emergency_contact","emergency_phone","is_allergic","current_session_id","bank_name","bank_account","status","cargo","birth_date","email","address","photo_url") VALUES(364,'GIRSON CHACON','L834','driver','2026-04-25 14:29:07','25322834','PETARE','0412 3648282',NULL,NULL,NULL,NULL,NULL,NULL,'INACTIVO','LOGISTICA','35476','jesuschacon111@hotmail.com','PETARE BARRIO MIRANDA DEL ESTE,CASA N° 1020',NULL);
INSERT INTO "users" ("id","name","pin_hash","role","created_at","cedula","sector","phone","emergency_contact","emergency_phone","is_allergic","current_session_id","bank_name","bank_account","status","cargo","birth_date","email","address","photo_url") VALUES(365,'LUISA CORONADO','L093','driver','2026-04-25 14:29:08','22500093','SAN ANTONIO DE YARE','0416 2041448',NULL,NULL,NULL,NULL,NULL,NULL,'INACTIVO','LOGISTICA','34753','luisa_elena_23@hotmail.com','CASA 42, CALLE PRINCIPAL',NULL);
INSERT INTO "users" ("id","name","pin_hash","role","created_at","cedula","sector","phone","emergency_contact","emergency_phone","is_allergic","current_session_id","bank_name","bank_account","status","cargo","birth_date","email","address","photo_url") VALUES(366,'JEISON ECHENIQUE C','L361','driver','2026-04-25 14:29:09','23340361','PETARE','0424  2068474',NULL,NULL,NULL,NULL,NULL,NULL,'INACTIVO','LOGISTICA','34772','','PETARE CALLE PRINCIPAL DE MACA',NULL);
INSERT INTO "users" ("id","name","pin_hash","role","created_at","cedula","sector","phone","emergency_contact","emergency_phone","is_allergic","current_session_id","bank_name","bank_account","status","cargo","birth_date","email","address","photo_url") VALUES(367,'ANDREA FERNADEZ','L491','driver','2026-04-25 14:29:10','28315491','COLINAS DE BELLO MONTE','0412 5485780',NULL,NULL,NULL,NULL,NULL,NULL,'INACTIVO','LOGISTICA','36790','andrea_victoriaf@hotmail.com','FINAL AV CARONI RES MIÑA',NULL);
INSERT INTO "users" ("id","name","pin_hash","role","created_at","cedula","sector","phone","emergency_contact","emergency_phone","is_allergic","current_session_id","bank_name","bank_account","status","cargo","birth_date","email","address","photo_url") VALUES(368,'MERVIN GARCIA','L170','driver','2026-04-25 14:29:10','25839170','OCUMARE DEL TUY','',NULL,NULL,NULL,NULL,NULL,NULL,'INACTIVO','LOGISTICA','34996','mervin_13garcia@hotmail.com','CASA B14A, CALLE 3 A MANO IZQUIERDA, JARDINES DE BETANIA',NULL);
INSERT INTO "users" ("id","name","pin_hash","role","created_at","cedula","sector","phone","emergency_contact","emergency_phone","is_allergic","current_session_id","bank_name","bank_account","status","cargo","birth_date","email","address","photo_url") VALUES(369,'MANUEL GARCIA','L906','driver','2026-04-25 14:29:11','18182906','VALENCIA','0412 0584240',NULL,NULL,NULL,NULL,NULL,NULL,'INACTIVO','LOGISTICA','32106','alejandrogarcia_87@hotmail.com','',NULL);
INSERT INTO "users" ("id","name","pin_hash","role","created_at","cedula","sector","phone","emergency_contact","emergency_phone","is_allergic","current_session_id","bank_name","bank_account","status","cargo","birth_date","email","address","photo_url") VALUES(370,'YEISON GOMEZ','L081','driver','2026-04-25 14:29:12','25729081','ANTIMANO','0212 8340394',NULL,NULL,NULL,NULL,NULL,NULL,'INACTIVO','LOGISTICA','34578','yeison.jg@gmail.com','ANTIMANO ,GERMAN RODRIGUEZ,CALLEJON LA NUEVECITA CAS N 28',NULL);
INSERT INTO "users" ("id","name","pin_hash","role","created_at","cedula","sector","phone","emergency_contact","emergency_phone","is_allergic","current_session_id","bank_name","bank_account","status","cargo","birth_date","email","address","photo_url") VALUES(371,'YIMMY GUERRERO','L074','driver','2026-04-25 14:29:13','19060074','','0412 3811324',NULL,NULL,NULL,NULL,NULL,NULL,'INACTIVO','LOGISTICA','32851','Hewitt8960@gmail.com','LA PASTORA PUERTA DE CARACAS EL POLVERIN, PISO 1 .',NULL);
INSERT INTO "users" ("id","name","pin_hash","role","created_at","cedula","sector","phone","emergency_contact","emergency_phone","is_allergic","current_session_id","bank_name","bank_account","status","cargo","birth_date","email","address","photo_url") VALUES(372,'KARELYS ISEA S','L906','driver','2026-04-25 14:29:14','23950906','MAMERA II','0414 0106468',NULL,NULL,NULL,NULL,NULL,NULL,'INACTIVO','LOGISTICA','35149','karelysisea93@gmail.com','CASA 6, ZONA INDUSTRIAL, SECTOR LAS PALMAS',NULL);
INSERT INTO "users" ("id","name","pin_hash","role","created_at","cedula","sector","phone","emergency_contact","emergency_phone","is_allergic","current_session_id","bank_name","bank_account","status","cargo","birth_date","email","address","photo_url") VALUES(373,'YOSELIZ MARTINEZ G','L496','driver','2026-04-25 14:29:28','19960496','RES MIRAVALLES 45-B','0412 3316077',NULL,NULL,NULL,NULL,NULL,NULL,'INACTIVO','LOGISTICA','33154','yoseliz.MARTINEZ@gmail.com','CHARALLAVE',NULL);
INSERT INTO "users" ("id","name","pin_hash","role","created_at","cedula","sector","phone","emergency_contact","emergency_phone","is_allergic","current_session_id","bank_name","bank_account","status","cargo","birth_date","email","address","photo_url") VALUES(374,'ADRIANA MENDOZA','L235','driver','2026-04-25 14:29:29','26111235','OCUMARE DEL TUY','0426 9189066',NULL,NULL,NULL,NULL,NULL,NULL,'INACTIVO','LOGISTICA','35756','a.ines.mendoza.c@gmail.com','CASA 54, CALLE ARAUCA, SECTOR LOS ALPES',NULL);
INSERT INTO "users" ("id","name","pin_hash","role","created_at","cedula","sector","phone","emergency_contact","emergency_phone","is_allergic","current_session_id","bank_name","bank_account","status","cargo","birth_date","email","address","photo_url") VALUES(375,'EXIOBER MENDOZA','L815','driver','2026-04-25 14:29:30','20308815','LA ACEQUIA EL SOL','0424 2445521',NULL,NULL,NULL,NULL,NULL,NULL,'INACTIVO','LOGISTICA','33168','exiovermendoza@gmail.com','CARAPITA,PARROQUIA ANTIMANO',NULL);
INSERT INTO "users" ("id","name","pin_hash","role","created_at","cedula","sector","phone","emergency_contact","emergency_phone","is_allergic","current_session_id","bank_name","bank_account","status","cargo","birth_date","email","address","photo_url") VALUES(376,'ALBERT MENESES','L885','driver','2026-04-25 14:29:31','20483885','CHARALLAVE','0416 2175376',NULL,NULL,NULL,NULL,NULL,NULL,'INACTIVO','LOGISTICA','33928','puul_mb@hotmail.com','EDIF. JUPITER, PISO 7, APTO. 71, CALLE PRINCIPAL DE ORIONES, URB. LA ESTRELLA',NULL);
INSERT INTO "users" ("id","name","pin_hash","role","created_at","cedula","sector","phone","emergency_contact","emergency_phone","is_allergic","current_session_id","bank_name","bank_account","status","cargo","birth_date","email","address","photo_url") VALUES(377,'YARELVIS PERDOMO','L577','driver','2026-04-25 14:29:32','26728577','COCHE','0426 4559321',NULL,NULL,NULL,NULL,NULL,NULL,'INACTIVO','LOGISTICA','36037','yarelvisperdomo@gmail.com','RES. HIPODROMO, PISO 14, APTO. 141, AV. INTERCOMUNAL DE COCHE',NULL);
INSERT INTO "users" ("id","name","pin_hash","role","created_at","cedula","sector","phone","emergency_contact","emergency_phone","is_allergic","current_session_id","bank_name","bank_account","status","cargo","birth_date","email","address","photo_url") VALUES(378,'MARLON PEREZ R','L736','driver','2026-04-25 14:29:32','18446736','RUIZ PINEDA','0412 7099679',NULL,NULL,NULL,NULL,NULL,NULL,'INACTIVO','LOGISTICA','31696','marlon_perez08@hotmail.com','BLOQUE 10 LETRA C URB RUIZ PINEDA',NULL);
INSERT INTO "users" ("id","name","pin_hash","role","created_at","cedula","sector","phone","emergency_contact","emergency_phone","is_allergic","current_session_id","bank_name","bank_account","status","cargo","birth_date","email","address","photo_url") VALUES(379,'YOSMEL SILVA','L088','driver','2026-04-25 14:29:33','25871088','PROPATRIA','0426 8086035',NULL,NULL,NULL,NULL,NULL,NULL,'INACTIVO','LOGISTICA','34639','yosmels7713@gmail.com','BLOQUE 11 DE LOMAS DE URDANETA',NULL);
INSERT INTO "users" ("id","name","pin_hash","role","created_at","cedula","sector","phone","emergency_contact","emergency_phone","is_allergic","current_session_id","bank_name","bank_account","status","cargo","birth_date","email","address","photo_url") VALUES(380,'YOSWEL SILVA','L542','driver','2026-04-25 14:29:34','24218542','CATIA','0424 2733255',NULL,NULL,NULL,NULL,NULL,NULL,'INACTIVO','LOGISTICA','34191','joswels@hotmail.com','CASA 16, PRIMERA AV. EL AMPARO, EL CUARTEL',NULL);
INSERT INTO "users" ("id","name","pin_hash","role","created_at","cedula","sector","phone","emergency_contact","emergency_phone","is_allergic","current_session_id","bank_name","bank_account","status","cargo","birth_date","email","address","photo_url") VALUES(381,'LILIMAR TOVAR','L754','driver','2026-04-25 14:29:35','23658754','TERRAZA VUELVAN CARAS APTO 02','',NULL,NULL,NULL,NULL,NULL,NULL,'INACTIVO','LOGISTICA','34011','alytovar16@gmail.com','CARICUAO UD 4',NULL);
INSERT INTO "users" ("id","name","pin_hash","role","created_at","cedula","sector","phone","emergency_contact","emergency_phone","is_allergic","current_session_id","bank_name","bank_account","status","cargo","birth_date","email","address","photo_url") VALUES(382,'ANGELA VISCAINO','L531','driver','2026-04-25 14:29:35','21759531','FUERZAS ARMADAS','0412 5812472',NULL,NULL,NULL,NULL,NULL,NULL,'INACTIVO','LOGISTICA','33427','aviscaino35@gmail.com','AV FUERZAS ARMADAS ESQ.SAN ENRIQUE',NULL);
INSERT INTO "users" ("id","name","pin_hash","role","created_at","cedula","sector","phone","emergency_contact","emergency_phone","is_allergic","current_session_id","bank_name","bank_account","status","cargo","birth_date","email","address","photo_url") VALUES(383,'PETER TORRES','L483','driver','2026-04-25 14:29:48','14446483','23 DE ENERO','0212 8587148',NULL,NULL,NULL,NULL,NULL,NULL,'INACTIVO','LOGISTICA','29504','pettertorres10@gmail.com','23 DE ENERO ,BLOQUE 44 PISO 9 LETRA M, APTO 924.',NULL);
INSERT INTO "users" ("id","name","pin_hash","role","created_at","cedula","sector","phone","emergency_contact","emergency_phone","is_allergic","current_session_id","bank_name","bank_account","status","cargo","birth_date","email","address","photo_url") VALUES(384,'MOISES MENDOZA','L559','driver','2026-04-25 14:29:49','','VALLES DEL TUY','0414 2611219',NULL,NULL,NULL,35,NULL,NULL,'INACTIVO','LOGISTICA','31977','','SANTA ROSA CASA A-8 , CALLE MANZANA 25 URB SANTA ROSA, VALLES DEL TUY','/api/photos/staff/MOISES_MENDOZA_1777185848332.jpg');
INSERT INTO "users" ("id","name","pin_hash","role","created_at","cedula","sector","phone","emergency_contact","emergency_phone","is_allergic","current_session_id","bank_name","bank_account","status","cargo","birth_date","email","address","photo_url") VALUES(385,'JOSMARY AGREDA','L786','driver','2026-04-25 14:29:50','16662786','VALLES DEL TUY','0424 2030408',NULL,NULL,NULL,NULL,NULL,NULL,'INACTIVO','LOGISTICA','30717','lanegrafp@gmail.com','SANTA ROSA CASA A-8 , CALLE MANZANA 25 URB SANTA ROSA, VALLES DEL TUY',NULL);
INSERT INTO "users" ("id","name","pin_hash","role","created_at","cedula","sector","phone","emergency_contact","emergency_phone","is_allergic","current_session_id","bank_name","bank_account","status","cargo","birth_date","email","address","photo_url") VALUES(386,'ALMENAR','L420','driver','2026-04-25 14:29:50','11561420','LOS RUICES','0424 2026410',NULL,NULL,NULL,NULL,NULL,NULL,'INACTIVO','LOGISTICA','27843','almenarsolange2403@gmail.com','AV PRINCIPAL DE LOS RUICES,LOS ALMENDROS, PISO 15 LOS RUICES.',NULL);
INSERT INTO "users" ("id","name","pin_hash","role","created_at","cedula","sector","phone","emergency_contact","emergency_phone","is_allergic","current_session_id","bank_name","bank_account","status","cargo","birth_date","email","address","photo_url") VALUES(387,'JORGE DIAZ','L285','driver','2026-04-25 14:29:51','16117285','LA URBINA','0412 7010343',NULL,NULL,NULL,NULL,NULL,NULL,'INACTIVO','LOGISTICA','25465','jorgediaz2316@gmail.com','LA URBINA PISO 4 APTO 4-4',NULL);
INSERT INTO "users" ("id","name","pin_hash","role","created_at","cedula","sector","phone","emergency_contact","emergency_phone","is_allergic","current_session_id","bank_name","bank_account","status","cargo","birth_date","email","address","photo_url") VALUES(388,'JUAN MORANTES','L223','driver','2026-04-25 14:29:52','10352223','','0412 3723956',NULL,NULL,NULL,NULL,NULL,NULL,'INACTIVO','LOGISTICA','25217','juanalbertomorantesmendez@gmail.com','',NULL);
INSERT INTO "users" ("id","name","pin_hash","role","created_at","cedula","sector","phone","emergency_contact","emergency_phone","is_allergic","current_session_id","bank_name","bank_account","status","cargo","birth_date","email","address","photo_url") VALUES(389,'IVOR MARTINEZ','L965','driver','2026-04-25 14:29:53','10039965','PETARE','0426 2007335',NULL,NULL,NULL,NULL,NULL,NULL,'INACTIVO','LOGISTICA','25020','ivorgm2@hotmail.com','ESCALERA LOS ROBLES CASA #12 , PISO 3 VIA MESUCA PETARE, SECTOR EL CERRITO , VUELTA LA HORQUILLA.',NULL);
INSERT INTO "users" ("id","name","pin_hash","role","created_at","cedula","sector","phone","emergency_contact","emergency_phone","is_allergic","current_session_id","bank_name","bank_account","status","cargo","birth_date","email","address","photo_url") VALUES(390,'ISMAEL TORREALBA','L745','driver','2026-04-25 14:29:54','17967745','','0414 2571114',NULL,NULL,NULL,NULL,NULL,NULL,'INACTIVO','LOGISTICA','31711','one_tree_hill_new_life@hotmail.com','',NULL);
INSERT INTO "users" ("id","name","pin_hash","role","created_at","cedula","sector","phone","emergency_contact","emergency_phone","is_allergic","current_session_id","bank_name","bank_account","status","cargo","birth_date","email","address","photo_url") VALUES(391,'WILMER VASQUEZ','L783','driver','2026-04-25 14:30:08','26312783','SAN FRANCISCO DE YARE','0414 9907785',NULL,NULL,NULL,35,NULL,NULL,'INACTIVO','LOGISTICA','36113','wilmer_14vt@hotmail.com','CASA 22, CALLE SANTA CECILIA, SECTOR EL PAUJI',NULL);
INSERT INTO "users" ("id","name","pin_hash","role","created_at","cedula","sector","phone","emergency_contact","emergency_phone","is_allergic","current_session_id","bank_name","bank_account","status","cargo","birth_date","email","address","photo_url") VALUES(392,'NESTOR FLORES','L384','driver','2026-04-25 14:30:09','13832384','LA DOLORITA','0414 2237607',NULL,NULL,NULL,NULL,NULL,NULL,'INACTIVO','LOGISTICA','28252','nestorjose1910@hotmail.com','CASA 96, EL CHORRITO, BULEVARD SAN GREGORIO',NULL);
INSERT INTO "users" ("id","name","pin_hash","role","created_at","cedula","sector","phone","emergency_contact","emergency_phone","is_allergic","current_session_id","bank_name","bank_account","status","cargo","birth_date","email","address","photo_url") VALUES(393,'VICTOR RIVERO','L418','driver','2026-04-25 14:30:10','24214418','','',NULL,NULL,NULL,NULL,NULL,NULL,'INACTIVO','LOGISTICA','35226','victorvillareal1996@gmail.com','',NULL);
INSERT INTO "users" ("id","name","pin_hash","role","created_at","cedula","sector","phone","emergency_contact","emergency_phone","is_allergic","current_session_id","bank_name","bank_account","status","cargo","birth_date","email","address","photo_url") VALUES(394,'THAISERLY RODRIGUEZ','L628','driver','2026-04-25 14:30:11','25215628','CARICUAO','0426 4020517',NULL,NULL,NULL,NULL,NULL,NULL,'INACTIVO','LOGISTICA','35381','thaiserly121196@gmail.com','CARICUAO. EDF RESIDENCIAS JUVENTUD APTO 701.',NULL);
INSERT INTO "users" ("id","name","pin_hash","role","created_at","cedula","sector","phone","emergency_contact","emergency_phone","is_allergic","current_session_id","bank_name","bank_account","status","cargo","birth_date","email","address","photo_url") VALUES(395,'LUIS VAZQUEZ','L211','driver','2026-04-25 14:30:13','25891211','VALLES DEL TUY','0416 8075466',NULL,NULL,NULL,NULL,NULL,NULL,'INACTIVO','LOGISTICA','35593','','',NULL);
INSERT INTO "users" ("id","name","pin_hash","role","created_at","cedula","sector","phone","emergency_contact","emergency_phone","is_allergic","current_session_id","bank_name","bank_account","status","cargo","birth_date","email","address","photo_url") VALUES(396,'ELVIS CASTILLO','L859','driver','2026-04-25 14:30:14','26992859','SIERRA MAESTRA','0412 8012881',NULL,NULL,NULL,NULL,NULL,NULL,'INACTIVO','LOGISTICA','35913','','SIERRA MAESTRA ,CAMBOYA, UBR SANTA ROSA',NULL);
INSERT INTO "users" ("id","name","pin_hash","role","created_at","cedula","sector","phone","emergency_contact","emergency_phone","is_allergic","current_session_id","bank_name","bank_account","status","cargo","birth_date","email","address","photo_url") VALUES(397,'ROSMARYS RODRIGUEZ','L870','driver','2026-04-25 14:30:15','27752870','NUEVA GRANADA','0424 1670158',NULL,NULL,NULL,NULL,NULL,NULL,'INACTIVO','LOGISTICA','36808','rosmaris.g.diaz@gmail.com','AV NUEVA GRANADA , LOS ROSALES CASA 20-1',NULL);
INSERT INTO "users" ("id","name","pin_hash","role","created_at","cedula","sector","phone","emergency_contact","emergency_phone","is_allergic","current_session_id","bank_name","bank_account","status","cargo","birth_date","email","address","photo_url") VALUES(398,'PEDRO MALAVE','P170','supervisor','2026-04-25 14:30:28','12069170','23 DE ENERO','0412 9891284',NULL,NULL,NULL,NULL,NULL,NULL,'INACTIVO','SUPERVISOR / PLATA 6','27193','p.j.m.c.13@hotmail.com','BLOQUE 42, PISO 12, APTO. 1206, ZONA F',NULL);
INSERT INTO "users" ("id","name","pin_hash","role","created_at","cedula","sector","phone","emergency_contact","emergency_phone","is_allergic","current_session_id","bank_name","bank_account","status","cargo","birth_date","email","address","photo_url") VALUES(399,'JESSABETH GARCIA','L111','driver','2026-04-25 14:30:30','25516111','EL VALLE','0412 2127867',NULL,NULL,NULL,NULL,NULL,NULL,'ACTIVO','LOGISTICA','35465','jessalexgarcia@gmail.com','SAN ANDRES , EL VALLE CASA 114',NULL);
INSERT INTO "users" ("id","name","pin_hash","role","created_at","cedula","sector","phone","emergency_contact","emergency_phone","is_allergic","current_session_id","bank_name","bank_account","status","cargo","birth_date","email","address","photo_url") VALUES(400,'YONAIKEL VIÑA','L454','driver','2026-04-25 14:30:30','27333454','JARDINES DEL VALLE','4265284942',NULL,NULL,NULL,NULL,NULL,NULL,'ACTIVO','LOGISTICA','36582','yetsacalpa@gmail.com','LOS JARDINES DEL VALLE CASA 56',NULL);
INSERT INTO "users" ("id","name","pin_hash","role","created_at","cedula","sector","phone","emergency_contact","emergency_phone","is_allergic","current_session_id","bank_name","bank_account","status","cargo","birth_date","email","address","photo_url") VALUES(401,'FELIX SALOM','L587','driver','2026-04-25 14:30:31','26210587','COLINAS DE BELLO MONTE','0424 2754562',NULL,NULL,NULL,NULL,NULL,NULL,'ACTIVO','LOGISTICA','35920','','EDF CHAMA .CALLE CHAMA AV. CARONI COLINAS DE BELLO MONTE',NULL);
INSERT INTO "users" ("id","name","pin_hash","role","created_at","cedula","sector","phone","emergency_contact","emergency_phone","is_allergic","current_session_id","bank_name","bank_account","status","cargo","birth_date","email","address","photo_url") VALUES(403,'RUBEN FLORES','L469','driver','2026-04-25 14:30:33','24407469','','',NULL,NULL,NULL,NULL,NULL,NULL,'ACTIVO','LOGISTICA','','','',NULL);
INSERT INTO "users" ("id","name","pin_hash","role","created_at","cedula","sector","phone","emergency_contact","emergency_phone","is_allergic","current_session_id","bank_name","bank_account","status","cargo","birth_date","email","address","photo_url") VALUES(404,'GENESISI ORTIZ','L803','driver','2026-04-25 14:30:34','27764803','CARICUAO','0412 6134772',NULL,NULL,NULL,NULL,NULL,NULL,'ACTIVO','LOGISTICA','36877','ortizguerragenesispaola@gmail.com','CARICUAO UD1 CALLE JUAN GONZALEZ',NULL);
INSERT INTO "users" ("id","name","pin_hash","role","created_at","cedula","sector","phone","emergency_contact","emergency_phone","is_allergic","current_session_id","bank_name","bank_account","status","cargo","birth_date","email","address","photo_url") VALUES(405,'JOSE ARAQUE','L578','driver','2026-04-25 14:30:34','26386578','BELLO MONTE','0412 2516003',NULL,NULL,NULL,NULL,NULL,NULL,'ACTIVO','LOGISTICA','','ignacioaraque99@gmail.com','COLINAS DE BELLO MONTE ',NULL);
INSERT INTO "users" ("id","name","pin_hash","role","created_at","cedula","sector","phone","emergency_contact","emergency_phone","is_allergic","current_session_id","bank_name","bank_account","status","cargo","birth_date","email","address","photo_url") VALUES(406,'EDUARDO MACHADO','L888','driver','2026-04-25 14:30:35','19452888','','',NULL,NULL,NULL,NULL,NULL,NULL,'ACTIVO','LOGISTICA','32487','eduarmac23@gmail.com','',NULL);
INSERT INTO "users" ("id","name","pin_hash","role","created_at","cedula","sector","phone","emergency_contact","emergency_phone","is_allergic","current_session_id","bank_name","bank_account","status","cargo","birth_date","email","address","photo_url") VALUES(407,'STEPHANNY SANTAMARIA','L062','driver','2026-04-25 14:30:48','23943062','AV. LECUNA','0414 2212017',NULL,NULL,NULL,NULL,NULL,NULL,'ACTIVO','LOGISTICA','33665','stephannysantamaria586@gmail.com','EDF LAS 3 RAICES AV LECUNA ',NULL);
INSERT INTO "users" ("id","name","pin_hash","role","created_at","cedula","sector","phone","emergency_contact","emergency_phone","is_allergic","current_session_id","bank_name","bank_account","status","cargo","birth_date","email","address","photo_url") VALUES(408,'GIOVANNI URBINA','L488','driver','2026-04-25 14:30:49','15132488','','',NULL,NULL,NULL,NULL,NULL,NULL,'ACTIVO','VOTADO','28862','giovanniurbina3@gmail.com','',NULL);
INSERT INTO "users" ("id","name","pin_hash","role","created_at","cedula","sector","phone","emergency_contact","emergency_phone","is_allergic","current_session_id","bank_name","bank_account","status","cargo","birth_date","email","address","photo_url") VALUES(409,'MEURY YANEZ','L321','driver','2026-04-25 14:30:50','17982321','OCUMARE DEL TUY','0412 9979520',NULL,NULL,NULL,NULL,NULL,NULL,'ACTIVO','LOGISTICA','32184','yanezmeury@gmail.com','URB.VALLE ALTO 1 CALLE 3H-18',NULL);
INSERT INTO "users" ("id","name","pin_hash","role","created_at","cedula","sector","phone","emergency_contact","emergency_phone","is_allergic","current_session_id","bank_name","bank_account","status","cargo","birth_date","email","address","photo_url") VALUES(410,'CARLOS ROMERO','L235','driver','2026-04-25 14:30:51','27472235','SECTOR BRUZUAL CALLE 128 DE OCTUBRE CASA N°26','0424 1261172',NULL,NULL,NULL,NULL,NULL,NULL,'ACTIVO','LOGISTICA','36418','COHOTMAIL.COMVA_CJ@','EL VALLE',NULL);
INSERT INTO "users" ("id","name","pin_hash","role","created_at","cedula","sector","phone","emergency_contact","emergency_phone","is_allergic","current_session_id","bank_name","bank_account","status","cargo","birth_date","email","address","photo_url") VALUES(411,'GIAN SUAREZ','L015','driver','2026-04-25 14:30:51','23521015','','0424 1206282',NULL,NULL,NULL,NULL,NULL,NULL,'ACTIVO','LOGISTICA','','','',NULL);
INSERT INTO "users" ("id","name","pin_hash","role","created_at","cedula","sector","phone","emergency_contact","emergency_phone","is_allergic","current_session_id","bank_name","bank_account","status","cargo","birth_date","email","address","photo_url") VALUES(412,'IRIS SESCUN','L042','driver','2026-04-25 14:30:52','27669042','','0412 7879603',NULL,NULL,NULL,NULL,NULL,NULL,'ACTIVO','LOGISTICA','36734','','SAN ANTONIO',NULL);
INSERT INTO "users" ("id","name","pin_hash","role","created_at","cedula","sector","phone","emergency_contact","emergency_phone","is_allergic","current_session_id","bank_name","bank_account","status","cargo","birth_date","email","address","photo_url") VALUES(413,'AILYN GARCIA','L742','driver','2026-04-25 14:30:53','','LAS ROSAS','0414-1087333',NULL,NULL,NULL,NULL,NULL,NULL,'ACTIVO','LOGISTICA','','erianagarcia.07@gmail.com','GUATIRE',NULL);
INSERT INTO "users" ("id","name","pin_hash","role","created_at","cedula","sector","phone","emergency_contact","emergency_phone","is_allergic","current_session_id","bank_name","bank_account","status","cargo","birth_date","email","address","photo_url") VALUES(414,'HECTOR DAVILA','L798','driver','2026-04-25 14:30:54','7953798','','0412 8033424',NULL,NULL,NULL,NULL,NULL,NULL,'ACTIVO','LOGISTICA','','','',NULL);
INSERT INTO "users" ("id","name","pin_hash","role","created_at","cedula","sector","phone","emergency_contact","emergency_phone","is_allergic","current_session_id","bank_name","bank_account","status","cargo","birth_date","email","address","photo_url") VALUES(415,'ANDRES ORELLANA','L858','driver','2026-04-25 14:30:55','30602858','LOMAS DE URDANETA','0424-1222521',NULL,NULL,NULL,NULL,NULL,NULL,'ACTIVO','LOGISTICA','','andresnoobxnx@gmail.com','CATIA',NULL);
INSERT INTO "users" ("id","name","pin_hash","role","created_at","cedula","sector","phone","emergency_contact","emergency_phone","is_allergic","current_session_id","bank_name","bank_account","status","cargo","birth_date","email","address","photo_url") VALUES(416,'DOUGLAS DIAZ','L127','driver','2026-04-25 14:30:55','26621127','23 DE ENERO','0424 1278414',NULL,NULL,NULL,NULL,NULL,NULL,'ACTIVO','LOGISTICA','36278','douglasdiaz280499@gmail.com','MONTE PIEDAD, BLOQUE 12 , 23 DE ENERO',NULL);
INSERT INTO "users" ("id","name","pin_hash","role","created_at","cedula","sector","phone","emergency_contact","emergency_phone","is_allergic","current_session_id","bank_name","bank_account","status","cargo","birth_date","email","address","photo_url") VALUES(417,'JOSÉ PIMENTEL','eye001','supervisor','2026-04-26 06:49:11','15022728','PETARE','+584241234724',NULL,NULL,NULL,35,NULL,NULL,'ACTIVO','SUPERVISOR','','ncarrillok@gmail.com','','/api/photos/staff/JOSÉ_PIMENTEL_1777186150596.jpg');
INSERT INTO "users" ("id","name","pin_hash","role","created_at","cedula","sector","phone","emergency_contact","emergency_phone","is_allergic","current_session_id","bank_name","bank_account","status","cargo","birth_date","email","address","photo_url") VALUES(418,'BILLY GONZÁLEZ','EYE001','director','2026-04-26 07:01:30','','LOS PALOS GRANDES','+584141336882',NULL,NULL,NULL,35,NULL,NULL,'ACTIVO','DIRECTOR','','ncarrillok@gmail.com','','/api/photos/staff/BILLY_GONZÁLEZ_1777186889806.jpg');
INSERT INTO "users" ("id","name","pin_hash","role","created_at","cedula","sector","phone","emergency_contact","emergency_phone","is_allergic","current_session_id","bank_name","bank_account","status","cargo","birth_date","email","address","photo_url") VALUES(419,'NELSON CARRILLO','EYE001','director','2026-04-26 07:02:18','V-10334346','MADRID','+34722838789',NULL,NULL,NULL,NULL,NULL,NULL,'INACTIVO','DIRECTOR','05/05/1970','ncarrillok@gmail.com','MADRID',NULL);
INSERT INTO "users" ("id","name","pin_hash","role","created_at","cedula","sector","phone","emergency_contact","emergency_phone","is_allergic","current_session_id","bank_name","bank_account","status","cargo","birth_date","email","address","photo_url") VALUES(420,'WILMER BURGOS','EYE001','driver','2026-04-26 07:03:06','19088329','','+584241261199',NULL,NULL,NULL,35,NULL,NULL,'ACTIVO','','','ncarrillok@gmail.com','','/api/photos/staff/WILMER_BURGOS_1777186985938.jpg');
CREATE TABLE IF NOT EXISTS "vehicles_old" (
  id INTEGER PRIMARY KEY AUTOINCREMENT,
  plate TEXT NOT NULL UNIQUE,
  brand TEXT,
  model TEXT,
  color TEXT,
  status TEXT NOT NULL CHECK(status IN ('checkin','parked','requested','delivering','delivered','pending_retrieval','retrieved')),
  ticket_code TEXT UNIQUE,
  owner_name TEXT,
  owner_phone TEXT,
  owner_id_ref TEXT,
  parking_spot TEXT,
  damage_notes TEXT,
  fee_amount REAL,
  fee_paid INTEGER DEFAULT 0,
  payment_method TEXT,
  valet_in TEXT,
  valet_out TEXT,
  check_in_at TEXT DEFAULT CURRENT_TIMESTAMP,
  check_out_at TEXT,
  created_at TEXT DEFAULT CURRENT_TIMESTAMP
, key_hook TEXT, damage_json TEXT, requested_at DATETIME);
INSERT INTO "vehicles_old" ("id","plate","brand","model","color","status","ticket_code","owner_name","owner_phone","owner_id_ref","parking_spot","damage_notes","fee_amount","fee_paid","payment_method","valet_in","valet_out","check_in_at","check_out_at","created_at","key_hook","damage_json","requested_at") VALUES(1,'aaa-123','toyota',NULL,NULL,'retrieved','VMO8O00H0','alfonso',NULL,NULL,NULL,NULL,0,0,NULL,NULL,NULL,'2026-04-21 13:33:46','2026-04-21 13:51:17','2026-04-21 13:33:46',NULL,NULL,NULL);
INSERT INTO "vehicles_old" ("id","plate","brand","model","color","status","ticket_code","owner_name","owner_phone","owner_id_ref","parking_spot","damage_notes","fee_amount","fee_paid","payment_method","valet_in","valet_out","check_in_at","check_out_at","created_at","key_hook","damage_json","requested_at") VALUES(2,'ZZZ-999',NULL,NULL,NULL,'parked','VMO8OAT00','nelson','+34722838789',NULL,NULL,NULL,0,0,NULL,NULL,NULL,'2026-04-21 13:42:10',NULL,'2026-04-21 13:42:10',NULL,'[]',NULL);
INSERT INTO "vehicles_old" ("id","plate","brand","model","color","status","ticket_code","owner_name","owner_phone","owner_id_ref","parking_spot","damage_notes","fee_amount","fee_paid","payment_method","valet_in","valet_out","check_in_at","check_out_at","created_at","key_hook","damage_json","requested_at") VALUES(3,'1234-AAA','mercedes',NULL,NULL,'parked','VMO8OUTFM','alfonso','+34722838789',NULL,NULL,NULL,0,0,NULL,NULL,NULL,'2026-04-21 13:57:44',NULL,'2026-04-21 13:57:44',NULL,'[{"x":168.59845187615872,"y":322.56163058777514},{"x":212.1858943311103,"y":199.87105434422216},{"x":323.5760250493199,"y":188.570606532316},{"x":268.688134550492,"y":448.48090620615835}]',NULL);
CREATE TABLE slots (
  id INTEGER PRIMARY KEY AUTOINCREMENT,
  zone TEXT NOT NULL,
  number INTEGER NOT NULL,
  is_free INTEGER DEFAULT 1
);
INSERT INTO "slots" ("id","zone","number","is_free") VALUES(1,'A',1,1);
INSERT INTO "slots" ("id","zone","number","is_free") VALUES(2,'A',2,1);
INSERT INTO "slots" ("id","zone","number","is_free") VALUES(3,'A',3,1);
INSERT INTO "slots" ("id","zone","number","is_free") VALUES(4,'A',4,1);
INSERT INTO "slots" ("id","zone","number","is_free") VALUES(5,'A',5,1);
INSERT INTO "slots" ("id","zone","number","is_free") VALUES(6,'A',6,1);
INSERT INTO "slots" ("id","zone","number","is_free") VALUES(7,'A',7,1);
INSERT INTO "slots" ("id","zone","number","is_free") VALUES(8,'A',8,1);
INSERT INTO "slots" ("id","zone","number","is_free") VALUES(9,'A',9,1);
INSERT INTO "slots" ("id","zone","number","is_free") VALUES(10,'A',10,1);
INSERT INTO "slots" ("id","zone","number","is_free") VALUES(11,'B',1,1);
INSERT INTO "slots" ("id","zone","number","is_free") VALUES(12,'B',2,1);
INSERT INTO "slots" ("id","zone","number","is_free") VALUES(13,'B',3,1);
INSERT INTO "slots" ("id","zone","number","is_free") VALUES(14,'B',4,1);
INSERT INTO "slots" ("id","zone","number","is_free") VALUES(15,'B',5,1);
INSERT INTO "slots" ("id","zone","number","is_free") VALUES(16,'B',6,1);
INSERT INTO "slots" ("id","zone","number","is_free") VALUES(17,'B',7,1);
INSERT INTO "slots" ("id","zone","number","is_free") VALUES(18,'B',8,1);
INSERT INTO "slots" ("id","zone","number","is_free") VALUES(19,'B',9,1);
INSERT INTO "slots" ("id","zone","number","is_free") VALUES(20,'B',10,1);
INSERT INTO "slots" ("id","zone","number","is_free") VALUES(21,'C',1,1);
INSERT INTO "slots" ("id","zone","number","is_free") VALUES(22,'C',2,1);
INSERT INTO "slots" ("id","zone","number","is_free") VALUES(23,'C',3,1);
INSERT INTO "slots" ("id","zone","number","is_free") VALUES(24,'C',4,1);
INSERT INTO "slots" ("id","zone","number","is_free") VALUES(25,'C',5,1);
INSERT INTO "slots" ("id","zone","number","is_free") VALUES(26,'C',6,1);
INSERT INTO "slots" ("id","zone","number","is_free") VALUES(27,'C',7,1);
INSERT INTO "slots" ("id","zone","number","is_free") VALUES(28,'C',8,1);
INSERT INTO "slots" ("id","zone","number","is_free") VALUES(29,'C',9,1);
INSERT INTO "slots" ("id","zone","number","is_free") VALUES(30,'C',10,1);
CREATE TABLE reservations (
  id INTEGER PRIMARY KEY AUTOINCREMENT,
  confirm_code TEXT NOT NULL UNIQUE,
  owner_name TEXT NOT NULL,
  owner_phone TEXT NOT NULL,
  plate TEXT,
  brand TEXT,
  model TEXT,
  expected_arrival TEXT NOT NULL,
  notes TEXT,
  status TEXT NOT NULL DEFAULT 'pending' CHECK(status IN ('pending', 'arrived', 'cancelled')),
  created_at TEXT DEFAULT CURRENT_TIMESTAMP
);
CREATE TABLE settings (key TEXT PRIMARY KEY, value TEXT);
INSERT INTO "settings" ("key","value") VALUES('company_name','Eye Staff');
INSERT INTO "settings" ("key","value") VALUES('company_address','');
INSERT INTO "settings" ("key","value") VALUES('company_phone','');
INSERT INTO "settings" ("key","value") VALUES('terms_conditions','No nos hacemos responsables por objetos de valor no declarados.');
INSERT INTO "settings" ("key","value") VALUES('company_logo','https://cdn-icons-png.flaticon.com/512/2343/2343894.png');
INSERT INTO "settings" ("key","value") VALUES('currency','$');
INSERT INTO "settings" ("key","value") VALUES('stripe_enabled','false');
CREATE TABLE subscriptions (id INTEGER PRIMARY KEY AUTOINCREMENT, user_id INTEGER, endpoint TEXT UNIQUE, keys_p256dh TEXT, keys_auth TEXT, created_at DATETIME DEFAULT CURRENT_TIMESTAMP);
CREATE TABLE shifts (id INTEGER PRIMARY KEY AUTOINCREMENT, user_id INTEGER, start_at DATETIME DEFAULT CURRENT_TIMESTAMP, end_at DATETIME, total_minutes INTEGER, status TEXT DEFAULT 'active');
CREATE TABLE vehicles (
    id INTEGER PRIMARY KEY AUTOINCREMENT,
    plate TEXT NOT NULL,
    brand TEXT,
    model TEXT,
    color TEXT,
    status TEXT NOT NULL,
    ticket_code TEXT UNIQUE,
    owner_name TEXT,
    owner_phone TEXT,
    owner_id_ref TEXT,
    parking_spot TEXT,
    damage_notes TEXT,
    damage_json TEXT,
    fee_amount REAL,
    fee_paid INTEGER DEFAULT 0,
    payment_method TEXT,
    valet_in TEXT,
    valet_out TEXT,
    check_in_at TEXT DEFAULT CURRENT_TIMESTAMP,
    check_out_at TEXT,
    created_at TEXT DEFAULT CURRENT_TIMESTAMP
  , session_id INTEGER, daily_seq INTEGER, owner_email TEXT, auth_token_1 TEXT, auth_token_2 TEXT, retrieval_token TEXT, conformity_signed INTEGER DEFAULT 0, vehicle_type TEXT DEFAULT 'car');
INSERT INTO "vehicles" ("id","plate","brand","model","color","status","ticket_code","owner_name","owner_phone","owner_id_ref","parking_spot","damage_notes","damage_json","fee_amount","fee_paid","payment_method","valet_in","valet_out","check_in_at","check_out_at","created_at","session_id","daily_seq","owner_email","auth_token_1","auth_token_2","retrieval_token","conformity_signed","vehicle_type") VALUES(1,'777-PPP','mercedes',NULL,NULL,'retrieved','VMO8POF8Y','alfonso','+34722838789',NULL,NULL,NULL,'[{"x":337.18436206623824,"y":289.02450481524573}]',NULL,0,NULL,'Director Valet',NULL,'2026-04-21 14:20:45','2026-04-21 19:35:51','2026-04-21 14:20:45',NULL,NULL,NULL,NULL,NULL,NULL,0,'car');
INSERT INTO "vehicles" ("id","plate","brand","model","color","status","ticket_code","owner_name","owner_phone","owner_id_ref","parking_spot","damage_notes","damage_json","fee_amount","fee_paid","payment_method","valet_in","valet_out","check_in_at","check_out_at","created_at","session_id","daily_seq","owner_email","auth_token_1","auth_token_2","retrieval_token","conformity_signed","vehicle_type") VALUES(2,'555-ABC','CHEVROLET',NULL,NULL,'retrieved','VMO8PXIFN','MARIA','+34722838789',NULL,NULL,NULL,'[{"x":212.69838519592338,"y":92.20208613588787}]',NULL,0,NULL,'Director Valet',NULL,'2026-04-21 14:27:49','2026-04-21 14:33:05','2026-04-21 14:27:49',NULL,NULL,NULL,NULL,NULL,NULL,0,'car');
INSERT INTO "vehicles" ("id","plate","brand","model","color","status","ticket_code","owner_name","owner_phone","owner_id_ref","parking_spot","damage_notes","damage_json","fee_amount","fee_paid","payment_method","valet_in","valet_out","check_in_at","check_out_at","created_at","session_id","daily_seq","owner_email","auth_token_1","auth_token_2","retrieval_token","conformity_signed","vehicle_type") VALUES(3,'TTT-123','toyota',NULL,NULL,'retrieved','VMO8QE6JF','alfonso','+34722838789',NULL,NULL,NULL,'[{"x":69.70773608812935,"y":310.5023130326422}]',NULL,0,NULL,'Director Valet',NULL,'2026-04-21 14:40:47','2026-04-21 14:54:42','2026-04-21 14:40:47',NULL,NULL,NULL,NULL,NULL,NULL,0,'car');
INSERT INTO "vehicles" ("id","plate","brand","model","color","status","ticket_code","owner_name","owner_phone","owner_id_ref","parking_spot","damage_notes","damage_json","fee_amount","fee_paid","payment_method","valet_in","valet_out","check_in_at","check_out_at","created_at","session_id","daily_seq","owner_email","auth_token_1","auth_token_2","retrieval_token","conformity_signed","vehicle_type") VALUES(4,'888-MMM','autana',NULL,NULL,'retrieved','VMO8QQ0XT','ignacio','+34722838789',NULL,NULL,NULL,'[]',NULL,0,NULL,'Director Valet',NULL,'2026-04-21 14:50:00','2026-04-21 19:35:15','2026-04-21 14:50:00',NULL,NULL,NULL,NULL,NULL,NULL,0,'car');
INSERT INTO "vehicles" ("id","plate","brand","model","color","status","ticket_code","owner_name","owner_phone","owner_id_ref","parking_spot","damage_notes","damage_json","fee_amount","fee_paid","payment_method","valet_in","valet_out","check_in_at","check_out_at","created_at","session_id","daily_seq","owner_email","auth_token_1","auth_token_2","retrieval_token","conformity_signed","vehicle_type") VALUES(5,'UUU-5672','mercedes',NULL,NULL,'retrieved','VMO8R9Q72','pedro','+34722838789',NULL,NULL,NULL,'[{"x":185.2218875627647,"y":270.12848355995345}]',NULL,0,NULL,'Director Valet',NULL,'2026-04-21 15:05:19','2026-04-22 05:07:45','2026-04-21 15:05:19',NULL,NULL,NULL,NULL,NULL,NULL,0,'car');
INSERT INTO "vehicles" ("id","plate","brand","model","color","status","ticket_code","owner_name","owner_phone","owner_id_ref","parking_spot","damage_notes","damage_json","fee_amount","fee_paid","payment_method","valet_in","valet_out","check_in_at","check_out_at","created_at","session_id","daily_seq","owner_email","auth_token_1","auth_token_2","retrieval_token","conformity_signed","vehicle_type") VALUES(6,'555-ABC','subaru',NULL,NULL,'retrieved','VMO8RCXX4','pedro','+34722838789',NULL,NULL,NULL,'[{"x":207.0910456616038,"y":86.76400803815848},{"x":195.31534514684427,"y":307.1378272432515},{"x":361.85739528415735,"y":270.12848355995345},{"x":202.044316869564,"y":500.5957601332186}]',NULL,0,NULL,'Director Valet',NULL,'2026-04-21 15:07:49','2026-04-21 19:34:27','2026-04-21 15:07:49',NULL,NULL,NULL,NULL,NULL,NULL,0,'car');
INSERT INTO "vehicles" ("id","plate","brand","model","color","status","ticket_code","owner_name","owner_phone","owner_id_ref","parking_spot","damage_notes","damage_json","fee_amount","fee_paid","payment_method","valet_in","valet_out","check_in_at","check_out_at","created_at","session_id","daily_seq","owner_email","auth_token_1","auth_token_2","retrieval_token","conformity_signed","vehicle_type") VALUES(7,'AAA-123',NULL,NULL,NULL,'retrieved','VMO90UG0H','','+34722838789',NULL,NULL,NULL,'[{"x":194.59745762711864,"y":323.728813559322}]',NULL,0,NULL,'Director Valet',NULL,'2026-04-21 19:33:22','2026-04-22 05:08:55','2026-04-21 19:33:22',NULL,1,NULL,NULL,NULL,NULL,0,'car');
INSERT INTO "vehicles" ("id","plate","brand","model","color","status","ticket_code","owner_name","owner_phone","owner_id_ref","parking_spot","damage_notes","damage_json","fee_amount","fee_paid","payment_method","valet_in","valet_out","check_in_at","check_out_at","created_at","session_id","daily_seq","owner_email","auth_token_1","auth_token_2","retrieval_token","conformity_signed","vehicle_type") VALUES(8,'1234-AAA','mercedes',NULL,NULL,'retrieved','VMO92E2I0','alfonso','+34722838789',NULL,NULL,NULL,'[{"x":341.67048011599815,"y":263.42869762221306},{"x":181.85740170140483,"y":404.73710077662383}]',NULL,0,NULL,'Director Valet',NULL,'2026-04-21 20:16:37','2026-04-21 21:36:05','2026-04-21 20:16:37',NULL,1,NULL,NULL,NULL,NULL,0,'car');
INSERT INTO "vehicles" ("id","plate","brand","model","color","status","ticket_code","owner_name","owner_phone","owner_id_ref","parking_spot","damage_notes","damage_json","fee_amount","fee_paid","payment_method","valet_in","valet_out","check_in_at","check_out_at","created_at","session_id","daily_seq","owner_email","auth_token_1","auth_token_2","retrieval_token","conformity_signed","vehicle_type") VALUES(9,'III-888',NULL,'corolla','blanco','retrieved','VMO93R0HX','pedro perez','722838789',NULL,NULL,NULL,'[{"x":229.52785198918528,"y":106.9152175336134}]',NULL,0,NULL,'Director Valet',NULL,'2026-04-21 20:54:41','2026-04-21 22:31:38','2026-04-21 20:54:41',3,1,NULL,NULL,NULL,NULL,0,'car');
INSERT INTO "vehicles" ("id","plate","brand","model","color","status","ticket_code","owner_name","owner_phone","owner_id_ref","parking_spot","damage_notes","damage_json","fee_amount","fee_paid","payment_method","valet_in","valet_out","check_in_at","check_out_at","created_at","session_id","daily_seq","owner_email","auth_token_1","auth_token_2","retrieval_token","conformity_signed","vehicle_type") VALUES(10,'444-ABC','camion','corolla','blanco','retrieved','VMO93YCJ9','ANTONIO PEREZ','34433322',NULL,NULL,NULL,'[{"x":181.63086129974377,"y":106.22845416473378}]',NULL,0,NULL,'Director Valet',NULL,'2026-04-21 21:00:23','2026-04-21 22:50:51','2026-04-21 21:00:23',3,2,NULL,NULL,NULL,NULL,0,'car');
INSERT INTO "vehicles" ("id","plate","brand","model","color","status","ticket_code","owner_name","owner_phone","owner_id_ref","parking_spot","damage_notes","damage_json","fee_amount","fee_paid","payment_method","valet_in","valet_out","check_in_at","check_out_at","created_at","session_id","daily_seq","owner_email","auth_token_1","auth_token_2","retrieval_token","conformity_signed","vehicle_type") VALUES(11,'888-MMM','Toyota','Autana','Azul','retrieved','VMO9464GG','ignacio','+34722838789',NULL,NULL,NULL,'[{"x":221.70542635658913,"y":207.75193798449612}]',NULL,0,NULL,'Director Valet',NULL,'2026-04-21 21:06:25','2026-04-22 05:50:53','2026-04-21 21:06:25',3,3,NULL,NULL,NULL,NULL,0,'car');
INSERT INTO "vehicles" ("id","plate","brand","model","color","status","ticket_code","owner_name","owner_phone","owner_id_ref","parking_spot","damage_notes","damage_json","fee_amount","fee_paid","payment_method","valet_in","valet_out","check_in_at","check_out_at","created_at","session_id","daily_seq","owner_email","auth_token_1","auth_token_2","retrieval_token","conformity_signed","vehicle_type") VALUES(12,'ASS-789','Fiat','500','Blanco','retrieved','VMO98E04X','Juan pereZ','600656765',NULL,NULL,NULL,'[{"x":230.2325581395349,"y":191.6424418604651}]',NULL,0,NULL,'Director Valet',NULL,'2026-04-21 23:04:32','2026-04-21 23:12:54','2026-04-21 23:04:32',NULL,1,NULL,NULL,NULL,NULL,0,'car');
INSERT INTO "vehicles" ("id","plate","brand","model","color","status","ticket_code","owner_name","owner_phone","owner_id_ref","parking_spot","damage_notes","damage_json","fee_amount","fee_paid","payment_method","valet_in","valet_out","check_in_at","check_out_at","created_at","session_id","daily_seq","owner_email","auth_token_1","auth_token_2","retrieval_token","conformity_signed","vehicle_type") VALUES(13,'555-ABC','CHEVROLET','Malibu','Azul','retrieved','VMO9L9O5R','MARIA perez','04149121293',NULL,NULL,NULL,'[{"x":241.86046511627904,"y":311.02228682170545}]',NULL,0,NULL,'Director Valet',NULL,'2026-04-22 05:05:05','2026-04-22 05:08:24','2026-04-22 05:05:05',4,1,NULL,NULL,NULL,NULL,0,'car');
INSERT INTO "vehicles" ("id","plate","brand","model","color","status","ticket_code","owner_name","owner_phone","owner_id_ref","parking_spot","damage_notes","damage_json","fee_amount","fee_paid","payment_method","valet_in","valet_out","check_in_at","check_out_at","created_at","session_id","daily_seq","owner_email","auth_token_1","auth_token_2","retrieval_token","conformity_signed","vehicle_type") VALUES(14,'444-ABC','Encava','En100','Blanco','retrieved','VMO9N4SX1','ANTONIO PEREZ','04129993334',NULL,NULL,NULL,'[]',NULL,0,NULL,'Director Valet',NULL,'2026-04-22 05:57:17','2026-04-22 06:28:11','2026-04-22 05:57:17',NULL,1,NULL,NULL,NULL,NULL,0,'car');
INSERT INTO "vehicles" ("id","plate","brand","model","color","status","ticket_code","owner_name","owner_phone","owner_id_ref","parking_spot","damage_notes","damage_json","fee_amount","fee_paid","payment_method","valet_in","valet_out","check_in_at","check_out_at","created_at","session_id","daily_seq","owner_email","auth_token_1","auth_token_2","retrieval_token","conformity_signed","vehicle_type") VALUES(15,'777-PPP','mercedes','Van','Negra','retrieved','VMO9NCSRB','alfonso calabrese','+1 (786) 252-7353',NULL,NULL,NULL,'[]',NULL,0,NULL,'Director Valet',NULL,'2026-04-22 06:03:30','2026-04-22 06:29:53','2026-04-22 06:03:30',NULL,1,NULL,NULL,NULL,NULL,0,'car');
INSERT INTO "vehicles" ("id","plate","brand","model","color","status","ticket_code","owner_name","owner_phone","owner_id_ref","parking_spot","damage_notes","damage_json","fee_amount","fee_paid","payment_method","valet_in","valet_out","check_in_at","check_out_at","created_at","session_id","daily_seq","owner_email","auth_token_1","auth_token_2","retrieval_token","conformity_signed","vehicle_type") VALUES(16,'1234-AAA','mercedes ben','Van','Negro','retrieved','VMO9NN7VE','alfonso calabrese','+1 (786) 252-7353',NULL,NULL,NULL,'[{"x":138.75968992248062,"y":284.6656976744186}]',NULL,0,NULL,'Director Valet',NULL,'2026-04-22 06:11:36','2026-04-22 06:29:33','2026-04-22 06:11:36',NULL,1,NULL,NULL,NULL,NULL,0,'car');
INSERT INTO "vehicles" ("id","plate","brand","model","color","status","ticket_code","owner_name","owner_phone","owner_id_ref","parking_spot","damage_notes","damage_json","fee_amount","fee_paid","payment_method","valet_in","valet_out","check_in_at","check_out_at","created_at","session_id","daily_seq","owner_email","auth_token_1","auth_token_2","retrieval_token","conformity_signed","vehicle_type") VALUES(17,'AAA-123','Toyota','Autana','Gris','retrieved','VMO9O7BO9','Juan perez','+34722838789',NULL,NULL,NULL,'[]',NULL,0,NULL,'Director Valet',NULL,'2026-04-22 06:27:14','2026-04-22 06:29:06','2026-04-22 06:27:14',NULL,1,NULL,NULL,NULL,NULL,0,'car');
INSERT INTO "vehicles" ("id","plate","brand","model","color","status","ticket_code","owner_name","owner_phone","owner_id_ref","parking_spot","damage_notes","damage_json","fee_amount","fee_paid","payment_method","valet_in","valet_out","check_in_at","check_out_at","created_at","session_id","daily_seq","owner_email","auth_token_1","auth_token_2","retrieval_token","conformity_signed","vehicle_type") VALUES(18,'PPP-123','toyota','corolla','negro','retrieved','VMO9OBVGQ','nicolas betancourt','04142772998',NULL,NULL,NULL,'[]',NULL,0,NULL,'Director Valet',NULL,'2026-04-22 06:30:46','2026-04-22 06:31:51','2026-04-22 06:30:46',NULL,1,NULL,NULL,NULL,NULL,0,'car');
INSERT INTO "vehicles" ("id","plate","brand","model","color","status","ticket_code","owner_name","owner_phone","owner_id_ref","parking_spot","damage_notes","damage_json","fee_amount","fee_paid","payment_method","valet_in","valet_out","check_in_at","check_out_at","created_at","session_id","daily_seq","owner_email","auth_token_1","auth_token_2","retrieval_token","conformity_signed","vehicle_type") VALUES(19,'1234-AAA','mercedes',NULL,NULL,'retrieved','VMO9OSO05','alfonso','+34722838789',NULL,NULL,NULL,'[]',NULL,0,NULL,'Director Valet',NULL,'2026-04-22 06:43:50','2026-04-22 07:39:39','2026-04-22 06:43:50',NULL,1,NULL,NULL,NULL,NULL,0,'car');
INSERT INTO "vehicles" ("id","plate","brand","model","color","status","ticket_code","owner_name","owner_phone","owner_id_ref","parking_spot","damage_notes","damage_json","fee_amount","fee_paid","payment_method","valet_in","valet_out","check_in_at","check_out_at","created_at","session_id","daily_seq","owner_email","auth_token_1","auth_token_2","retrieval_token","conformity_signed","vehicle_type") VALUES(20,'EAE-1870','Ford','Mustang','Negro','retrieved','VMO9QPUJB','Pedro perez','04148121283',NULL,NULL,NULL,'[]',NULL,0,NULL,'Director Valet',NULL,'2026-04-22 07:37:37','2026-04-22 07:40:27','2026-04-22 07:37:37',NULL,1,NULL,NULL,NULL,NULL,0,'car');
INSERT INTO "vehicles" ("id","plate","brand","model","color","status","ticket_code","owner_name","owner_phone","owner_id_ref","parking_spot","damage_notes","damage_json","fee_amount","fee_paid","payment_method","valet_in","valet_out","check_in_at","check_out_at","created_at","session_id","daily_seq","owner_email","auth_token_1","auth_token_2","retrieval_token","conformity_signed","vehicle_type") VALUES(21,'ABC-456','Toyota','Yaris','Gris','parked','VMO9UGCTK','Valentina van grieken','+34722838789',NULL,NULL,NULL,'[{"x":534.5911949685534,"y":770.440251572327},{"x":638.3647798742138,"y":805.0314465408806},{"x":827.0440251572328,"y":773.5849056603774}]',NULL,0,NULL,'Director Valet',NULL,'2026-04-22 09:22:13',NULL,'2026-04-22 09:22:13',NULL,1,NULL,NULL,NULL,NULL,0,'car');
INSERT INTO "vehicles" ("id","plate","brand","model","color","status","ticket_code","owner_name","owner_phone","owner_id_ref","parking_spot","damage_notes","damage_json","fee_amount","fee_paid","payment_method","valet_in","valet_out","check_in_at","check_out_at","created_at","session_id","daily_seq","owner_email","auth_token_1","auth_token_2","retrieval_token","conformity_signed","vehicle_type") VALUES(22,'666-DDD','Pontiac','Transam','Negro','parked','VMO9UIFD4','Pedro castillo','8784565',NULL,NULL,'Faroneoro','[{"x":301.88679245283015,"y":556.6037735849056},{"x":783.0188679245283,"y":584.9056603773585}]',NULL,0,NULL,'Director Valet',NULL,'2026-04-22 09:23:49',NULL,'2026-04-22 09:23:49',NULL,1,NULL,NULL,NULL,NULL,0,'car');
INSERT INTO "vehicles" ("id","plate","brand","model","color","status","ticket_code","owner_name","owner_phone","owner_id_ref","parking_spot","damage_notes","damage_json","fee_amount","fee_paid","payment_method","valet_in","valet_out","check_in_at","check_out_at","created_at","session_id","daily_seq","owner_email","auth_token_1","auth_token_2","retrieval_token","conformity_signed","vehicle_type") VALUES(23,'GGG-456','Audi','A4','Rojo','parked','VMO9UJYVN','Martin fernandes','665383737',NULL,NULL,NULL,'[]',NULL,0,NULL,'Director Valet',NULL,'2026-04-22 09:25:01',NULL,'2026-04-22 09:25:01',NULL,1,NULL,NULL,NULL,NULL,0,'car');
INSERT INTO "vehicles" ("id","plate","brand","model","color","status","ticket_code","owner_name","owner_phone","owner_id_ref","parking_spot","damage_notes","damage_json","fee_amount","fee_paid","payment_method","valet_in","valet_out","check_in_at","check_out_at","created_at","session_id","daily_seq","owner_email","auth_token_1","auth_token_2","retrieval_token","conformity_signed","vehicle_type") VALUES(24,'1234-AAA','mercedes','corolla','blanco','retrieved','VMO9Z4DDW','alfonso','+34722838789',NULL,NULL,NULL,'[]',NULL,0,NULL,'Director Valet',NULL,'2026-04-22 11:32:52','2026-04-22 12:19:43','2026-04-22 11:32:52',5,4,NULL,NULL,NULL,NULL,0,'car');
INSERT INTO "vehicles" ("id","plate","brand","model","color","status","ticket_code","owner_name","owner_phone","owner_id_ref","parking_spot","damage_notes","damage_json","fee_amount","fee_paid","payment_method","valet_in","valet_out","check_in_at","check_out_at","created_at","session_id","daily_seq","owner_email","auth_token_1","auth_token_2","retrieval_token","conformity_signed","vehicle_type") VALUES(25,'777-PPP','mercedes','corolla','blanco','retrieved','VMO9Z4ZIJ','alfonso','+34722838789',NULL,NULL,NULL,'[]',NULL,0,NULL,'Director Valet',NULL,'2026-04-22 11:33:21','2026-04-22 12:19:58','2026-04-22 11:33:21',5,5,NULL,NULL,NULL,NULL,0,'car');
INSERT INTO "vehicles" ("id","plate","brand","model","color","status","ticket_code","owner_name","owner_phone","owner_id_ref","parking_spot","damage_notes","damage_json","fee_amount","fee_paid","payment_method","valet_in","valet_out","check_in_at","check_out_at","created_at","session_id","daily_seq","owner_email","auth_token_1","auth_token_2","retrieval_token","conformity_signed","vehicle_type") VALUES(26,'XPR-281','CHEVROLET','CHEVETTE','MARRON','retrieved','VMO9ZADJD','NELSON CARRILLO','04149121293',NULL,NULL,NULL,'[{"x":599.5208482784386,"y":361.5525632594251}]',NULL,0,NULL,'Director Valet',NULL,'2026-04-22 11:37:32','2026-04-22 12:20:21','2026-04-22 11:37:32',5,6,NULL,NULL,NULL,NULL,0,'car');
INSERT INTO "vehicles" ("id","plate","brand","model","color","status","ticket_code","owner_name","owner_phone","owner_id_ref","parking_spot","damage_notes","damage_json","fee_amount","fee_paid","payment_method","valet_in","valet_out","check_in_at","check_out_at","created_at","session_id","daily_seq","owner_email","auth_token_1","auth_token_2","retrieval_token","conformity_signed","vehicle_type") VALUES(27,'LKJ-654','SUBARU','MX2','GRIS','retrieved','VMO9ZEBXQ','PEDRO PEREZ PRADO','345554555',NULL,NULL,NULL,'[{"x":746.9075953226574,"y":95.0020632858382},{"x":474.08531887910374,"y":151.44805151553894},{"x":436.45466005930325,"y":145.1762750455722},{"x":348.6497894797687,"y":370.96022796437524},{"x":536.8030835787712,"y":389.7755573742754},{"x":709.2769365028569,"y":565.3852985333444},{"x":618.3361776883389,"y":784.8974749821807}]',NULL,0,NULL,'Director Valet',NULL,'2026-04-22 11:40:37','2026-04-22 12:06:02','2026-04-22 11:40:37',5,7,NULL,NULL,NULL,NULL,0,'car');
INSERT INTO "vehicles" ("id","plate","brand","model","color","status","ticket_code","owner_name","owner_phone","owner_id_ref","parking_spot","damage_notes","damage_json","fee_amount","fee_paid","payment_method","valet_in","valet_out","check_in_at","check_out_at","created_at","session_id","daily_seq","owner_email","auth_token_1","auth_token_2","retrieval_token","conformity_signed","vehicle_type") VALUES(28,'APR-285','chevrolet','chevette','marron','parked','VMOA2FH83','nelson carrillo','04149121293',NULL,NULL,NULL,'[{"x":630.8797306282725,"y":191.58317185601555}]',NULL,0,NULL,'Director Valet',NULL,'2026-04-22 13:05:29',NULL,'2026-04-22 13:05:29',NULL,8,NULL,NULL,NULL,NULL,0,'car');
INSERT INTO "vehicles" ("id","plate","brand","model","color","status","ticket_code","owner_name","owner_phone","owner_id_ref","parking_spot","damage_notes","damage_json","fee_amount","fee_paid","payment_method","valet_in","valet_out","check_in_at","check_out_at","created_at","session_id","daily_seq","owner_email","auth_token_1","auth_token_2","retrieval_token","conformity_signed","vehicle_type") VALUES(29,'1234-AAA','mercedes',NULL,NULL,'parked','VMOA2H4NW','alfonso','+34722838789',NULL,NULL,NULL,'[]',NULL,0,NULL,'Director Valet',NULL,'2026-04-22 13:06:46',NULL,'2026-04-22 13:06:46',NULL,9,NULL,NULL,NULL,NULL,0,'car');
INSERT INTO "vehicles" ("id","plate","brand","model","color","status","ticket_code","owner_name","owner_phone","owner_id_ref","parking_spot","damage_notes","damage_json","fee_amount","fee_paid","payment_method","valet_in","valet_out","check_in_at","check_out_at","created_at","session_id","daily_seq","owner_email","auth_token_1","auth_token_2","retrieval_token","conformity_signed","vehicle_type") VALUES(30,'MDENZ-0001','mercedes benz','van','negro','retrieved','VMOA2NMJM','alfonso calabrese','acalabrese@me.com',NULL,NULL,NULL,'[{"x":743.7717070876739,"y":148.0072639911068}]',NULL,0,NULL,'Director Valet',NULL,'2026-04-22 13:11:49','2026-04-22 13:16:01','2026-04-22 13:11:49',6,10,NULL,NULL,NULL,NULL,0,'car');
INSERT INTO "vehicles" ("id","plate","brand","model","color","status","ticket_code","owner_name","owner_phone","owner_id_ref","parking_spot","damage_notes","damage_json","fee_amount","fee_paid","payment_method","valet_in","valet_out","check_in_at","check_out_at","created_at","session_id","daily_seq","owner_email","auth_token_1","auth_token_2","retrieval_token","conformity_signed","vehicle_type") VALUES(31,'4564-JNMK','tesla','300','gris','parked','VMOA2S0CE','antonio perez','17865463233',NULL,NULL,NULL,'[{"x":840.9842423721586,"y":148.0072639911068}]',NULL,0,NULL,'Director Valet',NULL,'2026-04-22 13:15:14',NULL,'2026-04-22 13:15:14',6,11,NULL,NULL,NULL,NULL,0,'car');
INSERT INTO "vehicles" ("id","plate","brand","model","color","status","ticket_code","owner_name","owner_phone","owner_id_ref","parking_spot","damage_notes","damage_json","fee_amount","fee_paid","payment_method","valet_in","valet_out","check_in_at","check_out_at","created_at","session_id","daily_seq","owner_email","auth_token_1","auth_token_2","retrieval_token","conformity_signed","vehicle_type") VALUES(32,'AAB-4076','Titota','Corilla','Blanco','retrieved','V00001','Nelson carrillo','+34722838789',NULL,NULL,NULL,'[{"x":801.8867924528303,"y":100.62893081761007}]',0,0,NULL,NULL,NULL,'2026-04-22 23:49:20','2026-04-23 15:19:50','2026-04-22 23:49:20',7,1,NULL,NULL,NULL,NULL,0,'car');
INSERT INTO "vehicles" ("id","plate","brand","model","color","status","ticket_code","owner_name","owner_phone","owner_id_ref","parking_spot","damage_notes","damage_json","fee_amount","fee_paid","payment_method","valet_in","valet_out","check_in_at","check_out_at","created_at","session_id","daily_seq","owner_email","auth_token_1","auth_token_2","retrieval_token","conformity_signed","vehicle_type") VALUES(33,'AAB-4076','Titota','Yairs','Blanco','retrieved','V00002','Nelson carrillo','+34722838789',NULL,NULL,NULL,'[{"x":638.3647798742138,"y":122.64150943396227}]',0,0,NULL,NULL,NULL,'2026-04-22 23:50:48','2026-04-23 15:19:57','2026-04-22 23:50:48',7,2,NULL,NULL,NULL,NULL,0,'car');
INSERT INTO "vehicles" ("id","plate","brand","model","color","status","ticket_code","owner_name","owner_phone","owner_id_ref","parking_spot","damage_notes","damage_json","fee_amount","fee_paid","payment_method","valet_in","valet_out","check_in_at","check_out_at","created_at","session_id","daily_seq","owner_email","auth_token_1","auth_token_2","retrieval_token","conformity_signed","vehicle_type") VALUES(34,'QQQ-987','fiat','premio','blanco','retrieved','V00003','nelson carrillo','34722838789',NULL,NULL,NULL,'[{"x":815.0260418062287,"y":792.3180786712899}]',0,0,NULL,NULL,NULL,'2026-04-23 04:18:44','2026-04-23 15:20:03','2026-04-23 04:18:44',7,3,NULL,NULL,NULL,NULL,0,'car');
INSERT INTO "vehicles" ("id","plate","brand","model","color","status","ticket_code","owner_name","owner_phone","owner_id_ref","parking_spot","damage_notes","damage_json","fee_amount","fee_paid","payment_method","valet_in","valet_out","check_in_at","check_out_at","created_at","session_id","daily_seq","owner_email","auth_token_1","auth_token_2","retrieval_token","conformity_signed","vehicle_type") VALUES(35,'III-888','toyota','corolla','blanco','retrieved','V00004','pedro perez','+34722838789',NULL,NULL,NULL,'[]',0,0,NULL,NULL,NULL,'2026-04-23 04:41:10','2026-04-23 15:20:12','2026-04-23 04:41:10',7,4,NULL,NULL,NULL,NULL,0,'car');
INSERT INTO "vehicles" ("id","plate","brand","model","color","status","ticket_code","owner_name","owner_phone","owner_id_ref","parking_spot","damage_notes","damage_json","fee_amount","fee_paid","payment_method","valet_in","valet_out","check_in_at","check_out_at","created_at","session_id","daily_seq","owner_email","auth_token_1","auth_token_2","retrieval_token","conformity_signed","vehicle_type") VALUES(36,'RRR-987','dacia','sandero','verde','retrieved','V00005','david cabrero','22222',NULL,NULL,NULL,'[]',0,0,NULL,NULL,NULL,'2026-04-23 04:59:56','2026-04-23 15:19:42','2026-04-23 04:59:56',7,5,NULL,NULL,NULL,NULL,0,'car');
INSERT INTO "vehicles" ("id","plate","brand","model","color","status","ticket_code","owner_name","owner_phone","owner_id_ref","parking_spot","damage_notes","damage_json","fee_amount","fee_paid","payment_method","valet_in","valet_out","check_in_at","check_out_at","created_at","session_id","daily_seq","owner_email","auth_token_1","auth_token_2","retrieval_token","conformity_signed","vehicle_type") VALUES(37,'PPP-555','ford','fiesta','azul','retrieved','V00006','carlos castillo','+34722838789',NULL,NULL,NULL,'[{"x":619.9298315567463,"y":860.3473580907914}]',0,0,NULL,NULL,NULL,'2026-04-23 14:44:23','2026-04-23 15:20:19','2026-04-23 14:44:23',7,6,NULL,NULL,NULL,NULL,0,'car');
INSERT INTO "vehicles" ("id","plate","brand","model","color","status","ticket_code","owner_name","owner_phone","owner_id_ref","parking_spot","damage_notes","damage_json","fee_amount","fee_paid","payment_method","valet_in","valet_out","check_in_at","check_out_at","created_at","session_id","daily_seq","owner_email","auth_token_1","auth_token_2","retrieval_token","conformity_signed","vehicle_type") VALUES(38,'VVV-555','NISSAN','SENTRA','GRIS','retrieved','V00007','CARLOS ACOSTA','04149121293',NULL,NULL,NULL,'[{"x":292.65712872912104,"y":843.5641885776191},{"x":220.27951175762703,"y":733.4243366644762},{"x":843.3563882948365,"y":821.5362181949905},{"x":830.7689766476202,"y":541.4663090444267},{"x":582.1675966150972,"y":547.7600148680349},{"x":437.41236267210917,"y":547.7600148680349},{"x":191.95783555139025,"y":547.7600148680349}]',0,0,NULL,NULL,NULL,'2026-04-23 14:52:46','2026-04-23 15:08:48','2026-04-23 14:52:46',7,7,NULL,NULL,NULL,NULL,0,'car');
INSERT INTO "vehicles" ("id","plate","brand","model","color","status","ticket_code","owner_name","owner_phone","owner_id_ref","parking_spot","damage_notes","damage_json","fee_amount","fee_paid","payment_method","valet_in","valet_out","check_in_at","check_out_at","created_at","session_id","daily_seq","owner_email","auth_token_1","auth_token_2","retrieval_token","conformity_signed","vehicle_type") VALUES(39,'LLL-999','LEXUS','M300','BLANCO','retrieved','V00008','ANTONIO CASTILLO','9121293',NULL,NULL,NULL,'[]',0,0,NULL,NULL,NULL,'2026-04-23 15:21:16','2026-04-23 15:21:45','2026-04-23 15:21:16',7,8,NULL,NULL,NULL,NULL,0,'car');
INSERT INTO "vehicles" ("id","plate","brand","model","color","status","ticket_code","owner_name","owner_phone","owner_id_ref","parking_spot","damage_notes","damage_json","fee_amount","fee_paid","payment_method","valet_in","valet_out","check_in_at","check_out_at","created_at","session_id","daily_seq","owner_email","auth_token_1","auth_token_2","retrieval_token","conformity_signed","vehicle_type") VALUES(40,'FFF-555','FIAT','UNO','ROJO','retrieved','V00012','INES GONZALEZ','04249876543',NULL,NULL,NULL,'[{"x":785.7141763431838,"y":194.84423531717565}]',0,0,NULL,NULL,NULL,'2026-04-23 15:43:34','2026-04-23 15:44:09','2026-04-23 15:43:34',8,12,NULL,NULL,NULL,NULL,0,'car');
INSERT INTO "vehicles" ("id","plate","brand","model","color","status","ticket_code","owner_name","owner_phone","owner_id_ref","parking_spot","damage_notes","damage_json","fee_amount","fee_paid","payment_method","valet_in","valet_out","check_in_at","check_out_at","created_at","session_id","daily_seq","owner_email","auth_token_1","auth_token_2","retrieval_token","conformity_signed","vehicle_type") VALUES(41,'VVV-444','TOYOTA','AUTANA','AZUL','retrieved','V00013','ALFONSO CALABRESE','17862254334',NULL,NULL,NULL,'[{"x":262.0208411009601,"y":380.55852650001646},{"x":443.9023587299959,"y":349.19964415018273},{"x":713.5887469385661,"y":129.68746770134646},{"x":506.62012342966335,"y":835.2623205726059}]',0,0,NULL,NULL,NULL,'2026-04-23 16:02:57','2026-04-23 16:03:27','2026-04-23 16:02:57',9,13,NULL,NULL,NULL,NULL,0,'car');
INSERT INTO "vehicles" ("id","plate","brand","model","color","status","ticket_code","owner_name","owner_phone","owner_id_ref","parking_spot","damage_notes","damage_json","fee_amount","fee_paid","payment_method","valet_in","valet_out","check_in_at","check_out_at","created_at","session_id","daily_seq","owner_email","auth_token_1","auth_token_2","retrieval_token","conformity_signed","vehicle_type") VALUES(42,'8304HRK','AUDI','A4','BLANCO','retrieved','V00014','nicolas betancourt','04142772998',NULL,NULL,NULL,'[]',0,0,NULL,NULL,NULL,'2026-04-23 17:47:44','2026-04-23 18:24:58','2026-04-23 17:47:44',10,14,NULL,NULL,NULL,NULL,0,'car');
INSERT INTO "vehicles" ("id","plate","brand","model","color","status","ticket_code","owner_name","owner_phone","owner_id_ref","parking_spot","damage_notes","damage_json","fee_amount","fee_paid","payment_method","valet_in","valet_out","check_in_at","check_out_at","created_at","session_id","daily_seq","owner_email","auth_token_1","auth_token_2","retrieval_token","conformity_signed","vehicle_type") VALUES(43,'8304HRK','AUDI','A4','BLANCO','retrieved','V00015','nicolas betancourt','04142772998',NULL,NULL,NULL,'[]',0,0,NULL,NULL,NULL,'2026-04-23 18:02:26','2026-04-23 18:24:47','2026-04-23 18:02:26',10,15,NULL,NULL,NULL,NULL,0,'car');
INSERT INTO "vehicles" ("id","plate","brand","model","color","status","ticket_code","owner_name","owner_phone","owner_id_ref","parking_spot","damage_notes","damage_json","fee_amount","fee_paid","payment_method","valet_in","valet_out","check_in_at","check_out_at","created_at","session_id","daily_seq","owner_email","auth_token_1","auth_token_2","retrieval_token","conformity_signed","vehicle_type") VALUES(44,'2896MYF','FIAT','500','azul','retrieved','V00016','INES GONZALEZ','+34600323232',NULL,NULL,NULL,'[]',0,0,NULL,NULL,NULL,'2026-04-23 18:23:52','2026-04-23 18:36:12','2026-04-23 18:23:52',10,16,NULL,'4546','2706',NULL,0,'car');
INSERT INTO "vehicles" ("id","plate","brand","model","color","status","ticket_code","owner_name","owner_phone","owner_id_ref","parking_spot","damage_notes","damage_json","fee_amount","fee_paid","payment_method","valet_in","valet_out","check_in_at","check_out_at","created_at","session_id","daily_seq","owner_email","auth_token_1","auth_token_2","retrieval_token","conformity_signed","vehicle_type") VALUES(45,'2805FCN','renault','megane','dorado','retrieved','V00017','juan perez','+346609898',NULL,NULL,NULL,'[{"x":621.9511028052266,"y":184.07552927683938}]',0,0,NULL,NULL,NULL,'2026-04-23 19:01:06','2026-04-23 19:12:22','2026-04-23 19:01:06',10,17,NULL,'4364','9660',NULL,0,'car');
INSERT INTO "vehicles" ("id","plate","brand","model","color","status","ticket_code","owner_name","owner_phone","owner_id_ref","parking_spot","damage_notes","damage_json","fee_amount","fee_paid","payment_method","valet_in","valet_out","check_in_at","check_out_at","created_at","session_id","daily_seq","owner_email","auth_token_1","auth_token_2","retrieval_token","conformity_signed","vehicle_type") VALUES(46,'1804MKB','Dacia','Spring','BLANCO','retrieved','V00018','Zity','+34722838789',NULL,NULL,NULL,'[{"x":767.2955974842768,"y":411.9496855345912},{"x":720.125786163522,"y":396.22641509433964},{"x":716.9811320754717,"y":427.6729559748428}]',0,0,NULL,NULL,NULL,'2026-04-24 07:23:22','2026-04-24 07:53:32','2026-04-24 07:23:22',11,18,NULL,'1624','8248',NULL,0,'car');
INSERT INTO "vehicles" ("id","plate","brand","model","color","status","ticket_code","owner_name","owner_phone","owner_id_ref","parking_spot","damage_notes","damage_json","fee_amount","fee_paid","payment_method","valet_in","valet_out","check_in_at","check_out_at","created_at","session_id","daily_seq","owner_email","auth_token_1","auth_token_2","retrieval_token","conformity_signed","vehicle_type") VALUES(47,'0725CDK','Peugeot','205','Negro','retrieved','V00019','Cliente 1','34722838788',NULL,NULL,NULL,'[{"x":223.27044025157232,"y":616.3522012578616}]',0,0,NULL,NULL,NULL,'2026-04-24 07:48:56','2026-04-24 08:08:46','2026-04-24 07:48:56',11,19,NULL,'3602','1009',NULL,0,'car');
INSERT INTO "vehicles" ("id","plate","brand","model","color","status","ticket_code","owner_name","owner_phone","owner_id_ref","parking_spot","damage_notes","damage_json","fee_amount","fee_paid","payment_method","valet_in","valet_out","check_in_at","check_out_at","created_at","session_id","daily_seq","owner_email","auth_token_1","auth_token_2","retrieval_token","conformity_signed","vehicle_type") VALUES(48,'7822JBW','Fiat','500','Azul','retrieved','V00020','Cliente 2','34722838788',NULL,NULL,NULL,'[]',0,0,NULL,NULL,NULL,'2026-04-24 07:51:45','2026-04-24 08:09:56','2026-04-24 07:51:45',11,20,NULL,'6099','1699',NULL,0,'car');
INSERT INTO "vehicles" ("id","plate","brand","model","color","status","ticket_code","owner_name","owner_phone","owner_id_ref","parking_spot","damage_notes","damage_json","fee_amount","fee_paid","payment_method","valet_in","valet_out","check_in_at","check_out_at","created_at","session_id","daily_seq","owner_email","auth_token_1","auth_token_2","retrieval_token","conformity_signed","vehicle_type") VALUES(49,'3756MTN','Dacia','Sandero','Blanco','retrieved','V00021','Cliente 3','04149121293',NULL,NULL,'Sucio','[]',0,0,NULL,NULL,NULL,'2026-04-24 07:59:43','2026-04-24 08:11:12','2026-04-24 07:59:43',11,21,NULL,'1215','5004',NULL,0,'car');
INSERT INTO "vehicles" ("id","plate","brand","model","color","status","ticket_code","owner_name","owner_phone","owner_id_ref","parking_spot","damage_notes","damage_json","fee_amount","fee_paid","payment_method","valet_in","valet_out","check_in_at","check_out_at","created_at","session_id","daily_seq","owner_email","auth_token_1","auth_token_2","retrieval_token","conformity_signed","vehicle_type") VALUES(50,'830304 HRK','AUDI','A4','BLANCO','parked','V00022','cliente 5','6607898',NULL,NULL,NULL,'[]',0,0,NULL,NULL,NULL,'2026-04-24 08:24:05',NULL,'2026-04-24 08:24:05',11,22,NULL,'6364','4485','1234',0,'car');
INSERT INTO "vehicles" ("id","plate","brand","model","color","status","ticket_code","owner_name","owner_phone","owner_id_ref","parking_spot","damage_notes","damage_json","fee_amount","fee_paid","payment_method","valet_in","valet_out","check_in_at","check_out_at","created_at","session_id","daily_seq","owner_email","auth_token_1","auth_token_2","retrieval_token","conformity_signed","vehicle_type") VALUES(51,'8304HRK','AUDI','A1','BLANCO','parked','V00023','nicolas betancourt','04142772998',NULL,NULL,NULL,'[{"x":732.4040763484663,"y":740.1838889148341}]',0,0,NULL,NULL,NULL,'2026-04-24 10:34:39',NULL,'2026-04-24 10:34:39',12,23,NULL,'9461','5943','6050',0,'car');
INSERT INTO "vehicles" ("id","plate","brand","model","color","status","ticket_code","owner_name","owner_phone","owner_id_ref","parking_spot","damage_notes","damage_json","fee_amount","fee_paid","payment_method","valet_in","valet_out","check_in_at","check_out_at","created_at","session_id","daily_seq","owner_email","auth_token_1","auth_token_2","retrieval_token","conformity_signed","vehicle_type") VALUES(52,'2805FCN','renault','MEGANE','DORADO','retrieved','V00024','juan perez','04269113564',NULL,NULL,NULL,'[{"x":233.79784698610976,"y":374.3302934000118},{"x":795.1218410481339,"y":148.5463404812088},{"x":791.9859528131506,"y":609.5219110237649}]',0,0,NULL,NULL,NULL,'2026-04-24 10:36:28','2026-04-24 11:21:11','2026-04-24 10:36:28',12,24,NULL,'2583','2697','1585',0,'car');
INSERT INTO "vehicles" ("id","plate","brand","model","color","status","ticket_code","owner_name","owner_phone","owner_id_ref","parking_spot","damage_notes","damage_json","fee_amount","fee_paid","payment_method","valet_in","valet_out","check_in_at","check_out_at","created_at","session_id","daily_seq","owner_email","auth_token_1","auth_token_2","retrieval_token","conformity_signed","vehicle_type") VALUES(53,'3756MTN','Dacia','SANDERO','BLANCO','retrieved','V00025','Cliente 3','66238767',NULL,NULL,NULL,'[]',0,0,NULL,NULL,NULL,'2026-04-24 11:51:58','2026-04-24 12:27:19','2026-04-24 11:51:58',13,25,NULL,'7322','6122','7615',0,'car');
INSERT INTO "vehicles" ("id","plate","brand","model","color","status","ticket_code","owner_name","owner_phone","owner_id_ref","parking_spot","damage_notes","damage_json","fee_amount","fee_paid","payment_method","valet_in","valet_out","check_in_at","check_out_at","created_at","session_id","daily_seq","owner_email","auth_token_1","auth_token_2","retrieval_token","conformity_signed","vehicle_type") VALUES(54,'0873NHV','MERCEDES BENZ','A200','GRIS','parked','V00026','ANTONIO TABOADA','345678987',NULL,NULL,NULL,'[]',0,0,NULL,NULL,NULL,'2026-04-24 11:56:13',NULL,'2026-04-24 11:56:13',12,26,NULL,'6122','9320','7541',0,'car');
INSERT INTO "vehicles" ("id","plate","brand","model","color","status","ticket_code","owner_name","owner_phone","owner_id_ref","parking_spot","damage_notes","damage_json","fee_amount","fee_paid","payment_method","valet_in","valet_out","check_in_at","check_out_at","created_at","session_id","daily_seq","owner_email","auth_token_1","auth_token_2","retrieval_token","conformity_signed","vehicle_type") VALUES(55,'4839MPM','TOYOTA','YARIS','NEGRO','retrieved','V00027','VICTOR PEREZ','04149121293',NULL,NULL,NULL,'[{"x":374.91281756036165,"y":161.78668304024976},{"x":475.26124107982963,"y":164.92257127523314}]',0,0,NULL,NULL,NULL,'2026-04-24 12:35:07','2026-04-24 20:00:43','2026-04-24 12:35:07',14,27,NULL,'9550','2260','9538',0,'car');
INSERT INTO "vehicles" ("id","plate","brand","model","color","status","ticket_code","owner_name","owner_phone","owner_id_ref","parking_spot","damage_notes","damage_json","fee_amount","fee_paid","payment_method","valet_in","valet_out","check_in_at","check_out_at","created_at","session_id","daily_seq","owner_email","auth_token_1","auth_token_2","retrieval_token","conformity_signed","vehicle_type") VALUES(56,'ABC-987','MERCEDES BENZ','A300','GRIS','retrieved','V00028','PEDRO PEREZ','45678998',NULL,NULL,NULL,'[]',0,0,NULL,NULL,NULL,'2026-04-24 13:06:51','2026-04-24 13:07:06','2026-04-24 13:06:51',16,28,NULL,'3715','8522','6424',0,'car');
INSERT INTO "vehicles" ("id","plate","brand","model","color","status","ticket_code","owner_name","owner_phone","owner_id_ref","parking_spot","damage_notes","damage_json","fee_amount","fee_paid","payment_method","valet_in","valet_out","check_in_at","check_out_at","created_at","session_id","daily_seq","owner_email","auth_token_1","auth_token_2","retrieval_token","conformity_signed","vehicle_type") VALUES(57,'0134NYC','BMW','220','Gris','retrieved','V00029','Conductor','1234',NULL,NULL,NULL,'[]',0,0,NULL,NULL,NULL,'2026-04-24 14:36:32','2026-04-24 17:02:58','2026-04-24 14:36:32',14,29,NULL,'5178','2412','9504',1,'car');
INSERT INTO "vehicles" ("id","plate","brand","model","color","status","ticket_code","owner_name","owner_phone","owner_id_ref","parking_spot","damage_notes","damage_json","fee_amount","fee_paid","payment_method","valet_in","valet_out","check_in_at","check_out_at","created_at","session_id","daily_seq","owner_email","auth_token_1","auth_token_2","retrieval_token","conformity_signed","vehicle_type") VALUES(58,'6727NBY','Mazda ','Cx-30','Rojo','retrieved','V00030','Conductor','1234',NULL,NULL,NULL,'[]',0,0,NULL,NULL,NULL,'2026-04-24 14:39:38','2026-04-24 17:01:16','2026-04-24 14:39:38',14,30,NULL,'7581','3287','2533',1,'car');
INSERT INTO "vehicles" ("id","plate","brand","model","color","status","ticket_code","owner_name","owner_phone","owner_id_ref","parking_spot","damage_notes","damage_json","fee_amount","fee_paid","payment_method","valet_in","valet_out","check_in_at","check_out_at","created_at","session_id","daily_seq","owner_email","auth_token_1","auth_token_2","retrieval_token","conformity_signed","vehicle_type") VALUES(59,'5791HRZ','Volvo','V40','Marron','retrieved','V00031','Conduxtor ','722838789',NULL,NULL,NULL,'[]',0,0,NULL,NULL,NULL,'2026-04-24 14:48:11','2026-04-24 17:12:56','2026-04-24 14:48:11',14,31,NULL,'9260','4984','3216',0,'car');
INSERT INTO "vehicles" ("id","plate","brand","model","color","status","ticket_code","owner_name","owner_phone","owner_id_ref","parking_spot","damage_notes","damage_json","fee_amount","fee_paid","payment_method","valet_in","valet_out","check_in_at","check_out_at","created_at","session_id","daily_seq","owner_email","auth_token_1","auth_token_2","retrieval_token","conformity_signed","vehicle_type") VALUES(60,'884DMH','Peugeot','307SW','Rojio','retrieved','V00032','Conductor','722838789',NULL,NULL,NULL,'[{"x":452.8301886792453,"y":389.937106918239}]',0,0,NULL,NULL,NULL,'2026-04-24 14:50:26','2026-04-24 20:00:21','2026-04-24 14:50:26',14,32,NULL,'1347','6249','1088',0,'car');
INSERT INTO "vehicles" ("id","plate","brand","model","color","status","ticket_code","owner_name","owner_phone","owner_id_ref","parking_spot","damage_notes","damage_json","fee_amount","fee_paid","payment_method","valet_in","valet_out","check_in_at","check_out_at","created_at","session_id","daily_seq","owner_email","auth_token_1","auth_token_2","retrieval_token","conformity_signed","vehicle_type") VALUES(61,'1079DKR','Opel','Meriva','Gris','retrieved','V00033','Conductor','722838789',NULL,NULL,NULL,'[{"x":830.1886792452831,"y":619.496855345912}]',0,0,NULL,NULL,NULL,'2026-04-24 14:52:14','2026-04-24 17:14:37','2026-04-24 14:52:14',14,33,NULL,'4434','4420','8852',0,'car');
INSERT INTO "vehicles" ("id","plate","brand","model","color","status","ticket_code","owner_name","owner_phone","owner_id_ref","parking_spot","damage_notes","damage_json","fee_amount","fee_paid","payment_method","valet_in","valet_out","check_in_at","check_out_at","created_at","session_id","daily_seq","owner_email","auth_token_1","auth_token_2","retrieval_token","conformity_signed","vehicle_type") VALUES(62,'1150HMR','Mercedes benz','A300','Blanco','retrieved','V00034','Conductor','722838789',NULL,NULL,NULL,'[]',0,0,NULL,NULL,NULL,'2026-04-24 14:53:40','2026-04-24 19:59:35','2026-04-24 14:53:40',14,34,NULL,'3699','6294','2039',0,'car');
INSERT INTO "vehicles" ("id","plate","brand","model","color","status","ticket_code","owner_name","owner_phone","owner_id_ref","parking_spot","damage_notes","damage_json","fee_amount","fee_paid","payment_method","valet_in","valet_out","check_in_at","check_out_at","created_at","session_id","daily_seq","owner_email","auth_token_1","auth_token_2","retrieval_token","conformity_signed","vehicle_type") VALUES(63,'9690NLJ','Dacia]','Sandero','Blanco','retrieved','V00035','Nelson carrillo','+34722838789',NULL,NULL,NULL,'[]',0,0,NULL,NULL,NULL,'2026-04-24 14:58:21','2026-04-24 19:59:18','2026-04-24 14:58:21',14,35,NULL,'1490','6883','1698',0,'car');
INSERT INTO "vehicles" ("id","plate","brand","model","color","status","ticket_code","owner_name","owner_phone","owner_id_ref","parking_spot","damage_notes","damage_json","fee_amount","fee_paid","payment_method","valet_in","valet_out","check_in_at","check_out_at","created_at","session_id","daily_seq","owner_email","auth_token_1","auth_token_2","retrieval_token","conformity_signed","vehicle_type") VALUES(64,'5068KTT','Seat','Tarraco','Gris','retrieved','V00036','Conductor','722838789',NULL,NULL,NULL,'[{"x":430.8176100628931,"y":374.2138364779874}]',0,0,NULL,NULL,NULL,'2026-04-24 15:00:56','2026-04-24 19:59:00','2026-04-24 15:00:56',14,36,NULL,'7295','5095','1419',0,'car');
INSERT INTO "vehicles" ("id","plate","brand","model","color","status","ticket_code","owner_name","owner_phone","owner_id_ref","parking_spot","damage_notes","damage_json","fee_amount","fee_paid","payment_method","valet_in","valet_out","check_in_at","check_out_at","created_at","session_id","daily_seq","owner_email","auth_token_1","auth_token_2","retrieval_token","conformity_signed","vehicle_type") VALUES(65,'9647MWW','Tesla','3','Negro','retrieved','V00037','Conductor','+34722838789',NULL,NULL,NULL,'[{"x":789.308176100629,"y":606.9182389937107},{"x":770.440251572327,"y":735.8490566037735},{"x":754.7169811320755,"y":716.9811320754717}]',0,0,NULL,NULL,NULL,'2026-04-24 16:26:00','2026-04-24 17:24:53','2026-04-24 16:26:00',14,37,NULL,'1476','5223','4648',0,'car');
INSERT INTO "vehicles" ("id","plate","brand","model","color","status","ticket_code","owner_name","owner_phone","owner_id_ref","parking_spot","damage_notes","damage_json","fee_amount","fee_paid","payment_method","valet_in","valet_out","check_in_at","check_out_at","created_at","session_id","daily_seq","owner_email","auth_token_1","auth_token_2","retrieval_token","conformity_signed","vehicle_type") VALUES(66,'4278JZZ','Yamaha','D300','Blanco','retrieved','V00038','Conductor','+34722838789',NULL,NULL,NULL,'[]',0,0,NULL,NULL,NULL,'2026-04-24 16:32:20','2026-04-24 19:58:38','2026-04-24 16:32:20',14,38,NULL,'6234','5097','4636',0,'car');
INSERT INTO "vehicles" ("id","plate","brand","model","color","status","ticket_code","owner_name","owner_phone","owner_id_ref","parking_spot","damage_notes","damage_json","fee_amount","fee_paid","payment_method","valet_in","valet_out","check_in_at","check_out_at","created_at","session_id","daily_seq","owner_email","auth_token_1","auth_token_2","retrieval_token","conformity_signed","vehicle_type") VALUES(67,'NNN-8767','TESLA','3','NEGRO','retrieved','V00039','Ignacio','PereZ',NULL,NULL,'Choque trasero','[{"x":805.0314465408806,"y":792.4528301886793},{"x":805.0314465408806,"y":842.7672955974843},{"x":808.1761006289308,"y":880.503144654088},{"x":811.3207547169811,"y":902.5157232704403},{"x":814.4654088050315,"y":779.874213836478},{"x":808.1761006289308,"y":855.3459119496856},{"x":823.8993710691824,"y":814.4654088050315},{"x":823.8993710691824,"y":783.0188679245283},{"x":339.62264150943395,"y":550.3144654088051},{"x":292.45283018867923,"y":569.1823899371069},{"x":235.8490566037736,"y":588.0503144654087},{"x":342.76729559748424,"y":606.9182389937107},{"x":314.4654088050314,"y":613.2075471698113},{"x":232.70440251572327,"y":600.62893081761},{"x":245.28301886792454,"y":578.6163522012579},{"x":320.75471698113205,"y":591.1949685534591},{"x":371.06918238993705,"y":578.6163522012579},{"x":261.0062893081761,"y":606.9182389937107}]',0,0,NULL,NULL,NULL,'2026-04-24 16:58:35','2026-04-24 19:57:57','2026-04-24 16:58:35',14,39,NULL,'8154','9902','4631',0,'car');
INSERT INTO "vehicles" ("id","plate","brand","model","color","status","ticket_code","owner_name","owner_phone","owner_id_ref","parking_spot","damage_notes","damage_json","fee_amount","fee_paid","payment_method","valet_in","valet_out","check_in_at","check_out_at","created_at","session_id","daily_seq","owner_email","auth_token_1","auth_token_2","retrieval_token","conformity_signed","vehicle_type") VALUES(68,'3589JYT','Bmw','318d','Negro','retrieved','V00040','Jose ramos','04149999999',NULL,NULL,NULL,'[]',0,0,NULL,NULL,NULL,'2026-04-24 17:07:30','2026-04-24 17:27:07','2026-04-24 17:07:30',17,40,NULL,'7138','5135','4867',0,'car');
INSERT INTO "vehicles" ("id","plate","brand","model","color","status","ticket_code","owner_name","owner_phone","owner_id_ref","parking_spot","damage_notes","damage_json","fee_amount","fee_paid","payment_method","valet_in","valet_out","check_in_at","check_out_at","created_at","session_id","daily_seq","owner_email","auth_token_1","auth_token_2","retrieval_token","conformity_signed","vehicle_type") VALUES(69,'8304HRP','AUDI','A1','BLANCO','retrieved','V00041','nicolas betancourt','04142772998',NULL,NULL,NULL,'[{"x":738.6758528184332,"y":341.79545296205924}]',0,0,NULL,NULL,NULL,'2026-04-24 20:28:29','2026-04-24 20:31:08','2026-04-24 20:28:29',18,41,NULL,'2839','3728','7999',0,'car');
INSERT INTO "vehicles" ("id","plate","brand","model","color","status","ticket_code","owner_name","owner_phone","owner_id_ref","parking_spot","damage_notes","damage_json","fee_amount","fee_paid","payment_method","valet_in","valet_out","check_in_at","check_out_at","created_at","session_id","daily_seq","owner_email","auth_token_1","auth_token_2","retrieval_token","conformity_signed","vehicle_type") VALUES(70,'FRASCO-001','HYUNDAI','H1','Blanco','retrieved','V00042','Ricardo rodriguez','04241019982',NULL,NULL,NULL,'[{"x":701.25786163522,"y":355.3459119496855},{"x":732.7044025157232,"y":355.3459119496855},{"x":751.5723270440252,"y":358.49056603773585},{"x":773.5849056603774,"y":364.7798742138365}]',0,0,NULL,NULL,NULL,'2026-04-25 03:24:51','2026-04-25 06:19:06','2026-04-25 03:24:51',19,42,NULL,'4483','2938','5333',0,'car');
INSERT INTO "vehicles" ("id","plate","brand","model","color","status","ticket_code","owner_name","owner_phone","owner_id_ref","parking_spot","damage_notes","damage_json","fee_amount","fee_paid","payment_method","valet_in","valet_out","check_in_at","check_out_at","created_at","session_id","daily_seq","owner_email","auth_token_1","auth_token_2","retrieval_token","conformity_signed","vehicle_type") VALUES(71,'MOTO-001','Bera','Thunder','Azul','retrieved','V00043','Nicolas caballero','04141134392',NULL,NULL,'MOTO','[]',0,0,NULL,NULL,NULL,'2026-04-25 03:29:20','2026-04-25 07:41:31','2026-04-25 03:29:20',19,43,NULL,'6483','4115','3391',0,'car');
INSERT INTO "vehicles" ("id","plate","brand","model","color","status","ticket_code","owner_name","owner_phone","owner_id_ref","parking_spot","damage_notes","damage_json","fee_amount","fee_paid","payment_method","valet_in","valet_out","check_in_at","check_out_at","created_at","session_id","daily_seq","owner_email","auth_token_1","auth_token_2","retrieval_token","conformity_signed","vehicle_type") VALUES(72,'MOTO-002','Bera','Thunder','Azul','retrieved','V00044','Freymar franco','04241097813',NULL,NULL,'MOTO','[]',0,0,NULL,NULL,NULL,'2026-04-25 03:31:06','2026-04-25 07:41:46','2026-04-25 03:31:06',19,44,NULL,'8223','1705','4828',0,'car');
INSERT INTO "vehicles" ("id","plate","brand","model","color","status","ticket_code","owner_name","owner_phone","owner_id_ref","parking_spot","damage_notes","damage_json","fee_amount","fee_paid","payment_method","valet_in","valet_out","check_in_at","check_out_at","created_at","session_id","daily_seq","owner_email","auth_token_1","auth_token_2","retrieval_token","conformity_signed","vehicle_type") VALUES(73,'8304HRK','AUDI','A1','BLANCO','retrieved','V00045','nicolas betancourt luna','04142772998',NULL,NULL,NULL,'[]',0,0,NULL,NULL,NULL,'2026-04-25 04:45:26','2026-04-25 06:10:27','2026-04-25 04:45:26',19,45,NULL,'2856','9151','6078',0,'car');
INSERT INTO "vehicles" ("id","plate","brand","model","color","status","ticket_code","owner_name","owner_phone","owner_id_ref","parking_spot","damage_notes","damage_json","fee_amount","fee_paid","payment_method","valet_in","valet_out","check_in_at","check_out_at","created_at","session_id","daily_seq","owner_email","auth_token_1","auth_token_2","retrieval_token","conformity_signed","vehicle_type") VALUES(74,'ABC1234',NULL,NULL,NULL,'delivered',NULL,NULL,NULL,NULL,NULL,NULL,NULL,10,1,NULL,NULL,NULL,'2026-04-25 07:15:10',NULL,'2026-04-25 07:15:10',10,NULL,NULL,NULL,NULL,NULL,0,'car');
INSERT INTO "vehicles" ("id","plate","brand","model","color","status","ticket_code","owner_name","owner_phone","owner_id_ref","parking_spot","damage_notes","damage_json","fee_amount","fee_paid","payment_method","valet_in","valet_out","check_in_at","check_out_at","created_at","session_id","daily_seq","owner_email","auth_token_1","auth_token_2","retrieval_token","conformity_signed","vehicle_type") VALUES(75,'XYZ5678',NULL,NULL,NULL,'delivered',NULL,NULL,NULL,NULL,NULL,NULL,NULL,10,1,NULL,NULL,NULL,'2026-04-25 07:15:10',NULL,'2026-04-25 07:15:10',9,NULL,NULL,NULL,NULL,NULL,0,'car');
INSERT INTO "vehicles" ("id","plate","brand","model","color","status","ticket_code","owner_name","owner_phone","owner_id_ref","parking_spot","damage_notes","damage_json","fee_amount","fee_paid","payment_method","valet_in","valet_out","check_in_at","check_out_at","created_at","session_id","daily_seq","owner_email","auth_token_1","auth_token_2","retrieval_token","conformity_signed","vehicle_type") VALUES(76,'8304HRK','AUDI','A1','BLANCO','parked','V00046','nelson carrillo','+34722838789',NULL,NULL,NULL,'[]',0,0,NULL,NULL,NULL,'2026-04-25 08:32:08',NULL,'2026-04-25 08:32:08',30,46,NULL,'4716','1721','5908',0,'car');
INSERT INTO "vehicles" ("id","plate","brand","model","color","status","ticket_code","owner_name","owner_phone","owner_id_ref","parking_spot","damage_notes","damage_json","fee_amount","fee_paid","payment_method","valet_in","valet_out","check_in_at","check_out_at","created_at","session_id","daily_seq","owner_email","auth_token_1","auth_token_2","retrieval_token","conformity_signed","vehicle_type") VALUES(77,'MOTO-001','BERA','THUNDER','AZUL','parked','V00047','Nicolas caballero','04141134392',NULL,NULL,NULL,'[]',0,0,NULL,NULL,NULL,'2026-04-25 08:43:39',NULL,'2026-04-25 08:43:39',30,47,NULL,'6732','1929','7168',0,'car');
INSERT INTO "vehicles" ("id","plate","brand","model","color","status","ticket_code","owner_name","owner_phone","owner_id_ref","parking_spot","damage_notes","damage_json","fee_amount","fee_paid","payment_method","valet_in","valet_out","check_in_at","check_out_at","created_at","session_id","daily_seq","owner_email","auth_token_1","auth_token_2","retrieval_token","conformity_signed","vehicle_type") VALUES(78,'997FKL','CITROEN','XSARA','BEIGE','retrieved','V00048','Manuel','6666',NULL,NULL,NULL,'[]',0,0,NULL,NULL,NULL,'2026-04-25 09:39:09','2026-04-25 19:04:25','2026-04-25 09:39:09',31,48,NULL,'6383','6194','3178',0,'car');
INSERT INTO "vehicles" ("id","plate","brand","model","color","status","ticket_code","owner_name","owner_phone","owner_id_ref","parking_spot","damage_notes","damage_json","fee_amount","fee_paid","payment_method","valet_in","valet_out","check_in_at","check_out_at","created_at","session_id","daily_seq","owner_email","auth_token_1","auth_token_2","retrieval_token","conformity_signed","vehicle_type") VALUES(79,'8304HRK','AUDI','A1','BLANCO','retrieved','V00049','alfonso calabrese','17862254334',NULL,NULL,NULL,'[]',0,0,NULL,NULL,NULL,'2026-04-25 11:22:12','2026-04-25 11:24:11','2026-04-25 11:22:12',31,49,NULL,'8701','3224','6331',1,'car');
INSERT INTO "vehicles" ("id","plate","brand","model","color","status","ticket_code","owner_name","owner_phone","owner_id_ref","parking_spot","damage_notes","damage_json","fee_amount","fee_paid","payment_method","valet_in","valet_out","check_in_at","check_out_at","created_at","session_id","daily_seq","owner_email","auth_token_1","auth_token_2","retrieval_token","conformity_signed","vehicle_type") VALUES(80,'3406DDX','OPEL','VECTRA','GRIS','retrieved','V00050','Juan perez','+346607654',NULL,NULL,NULL,'[{"x":738.9937106918238,"y":729.559748427673},{"x":273.58490566037733,"y":364.7798742138365}]',0,0,NULL,NULL,NULL,'2026-04-25 11:52:06','2026-04-25 12:58:00','2026-04-25 11:52:06',31,50,NULL,'9089','3843','1343',0,'car');
INSERT INTO "vehicles" ("id","plate","brand","model","color","status","ticket_code","owner_name","owner_phone","owner_id_ref","parking_spot","damage_notes","damage_json","fee_amount","fee_paid","payment_method","valet_in","valet_out","check_in_at","check_out_at","created_at","session_id","daily_seq","owner_email","auth_token_1","auth_token_2","retrieval_token","conformity_signed","vehicle_type") VALUES(81,'5293MRX','MERCEDES BENZ','A300','GRIS','retrieved','V00051','Carlos castillo','04269134323',NULL,NULL,NULL,'[{"x":433.9622641509434,"y":371.06918238993705}]',0,0,NULL,NULL,NULL,'2026-04-25 11:55:14','2026-04-25 15:13:09','2026-04-25 11:55:14',31,51,NULL,'4606','2288','5210',1,'car');
INSERT INTO "vehicles" ("id","plate","brand","model","color","status","ticket_code","owner_name","owner_phone","owner_id_ref","parking_spot","damage_notes","damage_json","fee_amount","fee_paid","payment_method","valet_in","valet_out","check_in_at","check_out_at","created_at","session_id","daily_seq","owner_email","auth_token_1","auth_token_2","retrieval_token","conformity_signed","vehicle_type") VALUES(82,'8749KYN','PEUGEOT','208','ROJO','retrieved','V00052','Camila perez','02129925792',NULL,NULL,NULL,'[]',0,0,NULL,NULL,NULL,'2026-04-25 12:01:23','2026-04-25 19:04:41','2026-04-25 12:01:23',31,52,NULL,'9707','8141','1451',0,'car');
INSERT INTO "vehicles" ("id","plate","brand","model","color","status","ticket_code","owner_name","owner_phone","owner_id_ref","parking_spot","damage_notes","damage_json","fee_amount","fee_paid","payment_method","valet_in","valet_out","check_in_at","check_out_at","created_at","session_id","daily_seq","owner_email","auth_token_1","auth_token_2","retrieval_token","conformity_signed","vehicle_type") VALUES(83,'6707 KRW','KTM','690 DUKE','BLACK','retrieved','V00053','carlos castaño','+34722838789',NULL,NULL,NULL,'[]',0,0,NULL,NULL,NULL,'2026-04-25 12:51:35','2026-04-25 15:47:56','2026-04-25 12:51:35',32,53,NULL,'2923','4834','8726',1,'car');
INSERT INTO "vehicles" ("id","plate","brand","model","color","status","ticket_code","owner_name","owner_phone","owner_id_ref","parking_spot","damage_notes","damage_json","fee_amount","fee_paid","payment_method","valet_in","valet_out","check_in_at","check_out_at","created_at","session_id","daily_seq","owner_email","auth_token_1","auth_token_2","retrieval_token","conformity_signed","vehicle_type") VALUES(84,'999 ANJ','TOYOTA','YARIS','AZUL','retrieved','V00054','Federico gomez','722838789',NULL,NULL,NULL,'[]',0,0,NULL,NULL,NULL,'2026-04-25 20:33:24','2026-04-26 04:41:51','2026-04-25 20:33:24',33,54,NULL,'1078','7268','3740',0,'car');
INSERT INTO "vehicles" ("id","plate","brand","model","color","status","ticket_code","owner_name","owner_phone","owner_id_ref","parking_spot","damage_notes","damage_json","fee_amount","fee_paid","payment_method","valet_in","valet_out","check_in_at","check_out_at","created_at","session_id","daily_seq","owner_email","auth_token_1","auth_token_2","retrieval_token","conformity_signed","vehicle_type") VALUES(85,'VBV 6786','DODGE','ASPEN','AZUL','retrieved','V00055','Guillermo cole','04145623432',NULL,NULL,NULL,'[{"x":786.1635220125787,"y":761.0062893081762},{"x":811.3207547169811,"y":773.5849056603774},{"x":849.0566037735849,"y":801.8867924528303}]',0,0,NULL,NULL,NULL,'2026-04-25 20:37:55','2026-04-26 04:43:41','2026-04-25 20:37:55',34,55,NULL,'3014','7483','9229',0,'car');
INSERT INTO "vehicles" ("id","plate","brand","model","color","status","ticket_code","owner_name","owner_phone","owner_id_ref","parking_spot","damage_notes","damage_json","fee_amount","fee_paid","payment_method","valet_in","valet_out","check_in_at","check_out_at","created_at","session_id","daily_seq","owner_email","auth_token_1","auth_token_2","retrieval_token","conformity_signed","vehicle_type") VALUES(86,'AAO 782','CHEVROLET','MALIBU','AZUL','retrieved','V00056','NELSON CARRILLO','04149121293',NULL,NULL,NULL,'[{"x":522.0125786163522,"y":795.5974842767296},{"x":603.7735849056603,"y":798.74213836478}]',0,0,NULL,NULL,NULL,'2026-04-26 04:39:01','2026-04-26 04:41:06','2026-04-26 04:39:01',33,56,NULL,'1356','6980','4390',0,'car');
INSERT INTO "vehicles" ("id","plate","brand","model","color","status","ticket_code","owner_name","owner_phone","owner_id_ref","parking_spot","damage_notes","damage_json","fee_amount","fee_paid","payment_method","valet_in","valet_out","check_in_at","check_out_at","created_at","session_id","daily_seq","owner_email","auth_token_1","auth_token_2","retrieval_token","conformity_signed","vehicle_type") VALUES(87,'AC035LW','CHEVROLET','OPTRA','VINO TINTO','parked','V00057','Conductor','722838789',NULL,NULL,NULL,'[]',0,0,NULL,NULL,NULL,'2026-04-26 05:40:17',NULL,'2026-04-26 05:40:17',35,57,NULL,'1035','6425','3716',0,'car');
INSERT INTO "vehicles" ("id","plate","brand","model","color","status","ticket_code","owner_name","owner_phone","owner_id_ref","parking_spot","damage_notes","damage_json","fee_amount","fee_paid","payment_method","valet_in","valet_out","check_in_at","check_out_at","created_at","session_id","daily_seq","owner_email","auth_token_1","auth_token_2","retrieval_token","conformity_signed","vehicle_type") VALUES(88,'8304HRK','AUDI','A1','BLANCO','parked','V00058','NELSON CARRILLO','+34722838789',NULL,NULL,NULL,'[]',0,0,NULL,NULL,NULL,'2026-04-26 07:11:50',NULL,'2026-04-26 07:11:50',35,58,NULL,'5700','8499','5917',0,'car');
INSERT INTO "vehicles" ("id","plate","brand","model","color","status","ticket_code","owner_name","owner_phone","owner_id_ref","parking_spot","damage_notes","damage_json","fee_amount","fee_paid","payment_method","valet_in","valet_out","check_in_at","check_out_at","created_at","session_id","daily_seq","owner_email","auth_token_1","auth_token_2","retrieval_token","conformity_signed","vehicle_type") VALUES(89,'6707KRW','KTM','690 DUKE','BLACK','retrieved','V00059','carlos castaño','+34722838789',NULL,NULL,NULL,'[]',0,0,NULL,NULL,NULL,'2026-04-26 07:18:01','2026-04-26 08:44:07','2026-04-26 07:18:01',35,59,NULL,'6691','8199','5727',0,'car');
INSERT INTO "vehicles" ("id","plate","brand","model","color","status","ticket_code","owner_name","owner_phone","owner_id_ref","parking_spot","damage_notes","damage_json","fee_amount","fee_paid","payment_method","valet_in","valet_out","check_in_at","check_out_at","created_at","session_id","daily_seq","owner_email","auth_token_1","auth_token_2","retrieval_token","conformity_signed","vehicle_type") VALUES(90,'6707KRQ','KTM','690 DUKE','BLACK','parked','V00060','ALFONSO CALABRESE','17862254334',NULL,NULL,NULL,'[{"x":557.8395674679157,"y":797.2069942710323},{"x":520.2089086481152,"y":794.071106036049}]',0,0,NULL,NULL,NULL,'2026-04-26 07:54:55',NULL,'2026-04-26 07:54:55',35,60,NULL,'6998','6370','1500',0,'moto');
CREATE TABLE events (
    id INTEGER PRIMARY KEY AUTOINCREMENT,
    vehicle_id INTEGER NOT NULL,
    user_id INTEGER NOT NULL,
    event_type TEXT NOT NULL,
    key_hook TEXT,
    slot_id INTEGER,
    ts TEXT DEFAULT CURRENT_TIMESTAMP,
    FOREIGN KEY(vehicle_id) REFERENCES vehicles(id)
  );
INSERT INTO "events" ("id","vehicle_id","user_id","event_type","key_hook","slot_id","ts") VALUES(21,84,1,'checkout_request',NULL,NULL,'2026-04-25 20:44:44');
INSERT INTO "events" ("id","vehicle_id","user_id","event_type","key_hook","slot_id","ts") VALUES(22,86,1,'checkout_request',NULL,NULL,'2026-04-26 04:40:21');
CREATE TABLE photos (
    id INTEGER PRIMARY KEY AUTOINCREMENT,
    vehicle_id INTEGER NOT NULL,
    url TEXT NOT NULL,
    FOREIGN KEY(vehicle_id) REFERENCES vehicles(id)
  );
INSERT INTO "photos" ("id","vehicle_id","url") VALUES(116,84,'photos/999 ANJ/plate_1777149204683.jpg');
INSERT INTO "photos" ("id","vehicle_id","url") VALUES(117,85,'photos/VBV 6786/plate_1777149475739.jpg');
INSERT INTO "photos" ("id","vehicle_id","url") VALUES(118,88,'photos/8304HRK/1_1777187510087.jpg');
INSERT INTO "photos" ("id","vehicle_id","url") VALUES(119,88,'photos/8304HRK/2_1777187510267.jpg');
INSERT INTO "photos" ("id","vehicle_id","url") VALUES(120,88,'photos/8304HRK/plate_1777187510447.jpg');
INSERT INTO "photos" ("id","vehicle_id","url") VALUES(121,89,'photos/6707KRW/1_1777187881327.jpg');
INSERT INTO "photos" ("id","vehicle_id","url") VALUES(122,89,'photos/6707KRW/plate_1777187881534.jpg');
INSERT INTO "photos" ("id","vehicle_id","url") VALUES(123,90,'photos/6707KRQ/1_1777190095969.jpg');
INSERT INTO "photos" ("id","vehicle_id","url") VALUES(124,90,'photos/6707KRQ/plate_1777190096261.jpg');
CREATE TABLE messages (
    id INTEGER PRIMARY KEY AUTOINCREMENT,
    vehicle_id INTEGER NOT NULL,
    from_role TEXT NOT NULL,
    to_role TEXT NOT NULL,
    text TEXT NOT NULL,
    ts TEXT DEFAULT CURRENT_TIMESTAMP,
    FOREIGN KEY(vehicle_id) REFERENCES vehicles(id)
  );
CREATE TABLE metrics (
    id INTEGER PRIMARY KEY AUTOINCREMENT,
    vehicle_id INTEGER NOT NULL,
    avg_time INTEGER,
    alerts_count INTEGER DEFAULT 0,
    FOREIGN KEY(vehicle_id) REFERENCES vehicles(id)
  );
CREATE TABLE sessions (id INTEGER PRIMARY KEY AUTOINCREMENT, name TEXT NOT NULL, status TEXT DEFAULT 'open', started_at TEXT DEFAULT CURRENT_TIMESTAMP, ended_at TEXT, type TEXT DEFAULT 'valet');
INSERT INTO "sessions" ("id","name","status","started_at","ended_at","type") VALUES(1,'20260421-ELITE','closed','2026-04-21 18:16:17','2026-04-21 18:16:37','valet');
INSERT INTO "sessions" ("id","name","status","started_at","ended_at","type") VALUES(2,'20260421-ELITE','closed','2026-04-21 19:23:25','2026-04-21 19:37:16','valet');
INSERT INTO "sessions" ("id","name","status","started_at","ended_at","type") VALUES(3,'20260421-Cumpleaños Matías ','closed','2026-04-21 20:30:59','2026-04-21 22:22:32','valet');
INSERT INTO "sessions" ("id","name","status","started_at","ended_at","type") VALUES(4,'20260422-Prueba miércoles 22/04','closed','2026-04-22 05:01:07','2026-04-22 05:10:24','valet');
INSERT INTO "sessions" ("id","name","status","started_at","ended_at","type") VALUES(5,'20260422-Cumpleaños del #1','closed','2026-04-22 11:28:07','2026-04-22 12:36:19','valet');
INSERT INTO "sessions" ("id","name","status","started_at","ended_at","type") VALUES(6,'20260422-MAYAMI-PRUEBA','closed','2026-04-22 13:10:05','2026-04-22 13:47:37','valet');
INSERT INTO "sessions" ("id","name","status","started_at","ended_at","type") VALUES(7,'Jueves ','closed','2026-04-22 23:47:52','2026-04-23 15:32:24','valet');
INSERT INTO "sessions" ("id","name","status","started_at","ended_at","type") VALUES(8,'JUEVES20260423','closed','2026-04-23 15:40:41','2026-04-23 15:44:40','valet');
INSERT INTO "sessions" ("id","name","status","started_at","ended_at","type") VALUES(9,'MATRIMONIO ALFONSO','closed','2026-04-23 16:01:58','2026-04-23 16:03:48','valet');
INSERT INTO "sessions" ("id","name","status","started_at","ended_at","type") VALUES(10,'JUEVES260423','closed','2026-04-23 17:01:54','2026-04-23 19:23:51','valet');
INSERT INTO "sessions" ("id","name","status","started_at","ended_at","type") VALUES(11,'20260424_VIERNES','closed','2026-04-24 04:42:44','2026-04-24 08:50:15','valet');
INSERT INTO "sessions" ("id","name","status","started_at","ended_at","type") VALUES(12,'20260424_2','closed','2026-04-24 09:50:28','2026-04-24 12:29:56','valet');
INSERT INTO "sessions" ("id","name","status","started_at","ended_at","type") VALUES(13,'20260424_3','closed','2026-04-24 11:50:11','2026-04-24 12:27:38','valet');
INSERT INTO "sessions" ("id","name","status","started_at","ended_at","type") VALUES(14,'20260424_VIERNES','closed','2026-04-24 12:30:52','2026-04-24 20:10:59','valet');
INSERT INTO "sessions" ("id","name","status","started_at","ended_at","type") VALUES(15,'20260424_VIERNES_2','closed','2026-04-24 12:36:21','2026-04-24 13:08:26','valet');
INSERT INTO "sessions" ("id","name","status","started_at","ended_at","type") VALUES(16,'20260426VIERNES_3','closed','2026-04-24 12:36:50','2026-04-24 13:07:21','valet');
INSERT INTO "sessions" ("id","name","status","started_at","ended_at","type") VALUES(17,'Viernes prueba','closed','2026-04-24 17:04:56','2026-04-24 19:56:06','valet');
INSERT INTO "sessions" ("id","name","status","started_at","ended_at","type") VALUES(18,'PRUEBA VIERNES 20260424','closed','2026-04-24 20:23:33','2026-04-24 20:32:05','valet');
INSERT INTO "sessions" ("id","name","status","started_at","ended_at","type") VALUES(19,'260425_ELITE','closed','2026-04-25 03:19:41','2026-04-25 07:42:16','valet');
INSERT INTO "sessions" ("id","name","status","started_at","ended_at","type") VALUES(20,'BODA FAMILIA PEREZ','closed','2026-04-10 18:00:00','2026-04-11 02:30:00','valet');
INSERT INTO "sessions" ("id","name","status","started_at","ended_at","type") VALUES(21,'CONCIERTO ARENA MADRID','closed','2026-04-12 19:30:00','2026-04-12 23:45:00','valet');
INSERT INTO "sessions" ("id","name","status","started_at","ended_at","type") VALUES(22,'CENA GALA EMPRESARIAL','closed','2026-04-15 20:00:00','2026-04-16 01:15:00','valet');
INSERT INTO "sessions" ("id","name","status","started_at","ended_at","type") VALUES(23,'TORNEO GOLF ELITE','closed','2026-04-18 08:00:00','2026-04-18 18:00:00','valet');
INSERT INTO "sessions" ("id","name","status","started_at","ended_at","type") VALUES(24,'LANZAMIENTO PRODUCTO TECH','closed','2026-04-20 10:00:00','2026-04-20 14:00:00','valet');
INSERT INTO "sessions" ("id","name","status","started_at","ended_at","type") VALUES(25,'FIESTA PRIVADA LA FINCA','closed','2026-04-21 21:00:00','2026-04-22 04:00:00','valet');
INSERT INTO "sessions" ("id","name","status","started_at","ended_at","type") VALUES(26,'GRADUACION COLEGIO MAYOR','closed','2026-04-22 18:00:00','2026-04-23 00:30:00','valet');
INSERT INTO "sessions" ("id","name","status","started_at","ended_at","type") VALUES(27,'EXPOSICION ARTE MODERNO','closed','2026-04-23 11:00:00','2026-04-23 20:00:00','valet');
INSERT INTO "sessions" ("id","name","status","started_at","ended_at","type") VALUES(28,'CUMPLEAÑOS 50 ANIVERSARIO','closed','2026-04-24 20:00:00','2026-04-25 02:00:00','valet');
INSERT INTO "sessions" ("id","name","status","started_at","ended_at","type") VALUES(29,'DESAYUNO NETWORKING','closed','2026-04-25 08:00:00','2026-04-25 11:00:00','valet');
INSERT INTO "sessions" ("id","name","status","started_at","ended_at","type") VALUES(30,'20260425_ELITE','closed','2026-04-25 08:30:08','2026-04-25 09:11:58','valet');
INSERT INTO "sessions" ("id","name","status","started_at","ended_at","type") VALUES(31,'SÁBADO','closed','2026-04-25 09:35:14','2026-04-25 19:05:07','valet');
INSERT INTO "sessions" ("id","name","status","started_at","ended_at","type") VALUES(32,'ELITE_NOCHE','closed','2026-04-25 12:49:02','2026-04-25 15:49:31','valet');
INSERT INTO "sessions" ("id","name","status","started_at","ended_at","type") VALUES(33,'FESTEJOS ÉLITE','closed','2026-04-25 20:29:28','2026-04-26 04:43:25','valet');
INSERT INTO "sessions" ("id","name","status","started_at","ended_at","type") VALUES(34,'BODA LAGUNITA','closed','2026-04-25 20:36:20','2026-04-26 04:44:42','valet');
INSERT INTO "sessions" ("id","name","status","started_at","ended_at","type") VALUES(35,'FESTEJOS ELITE','active','2026-04-26 05:38:32',NULL,'valet');
CREATE TABLE modules (
  id TEXT PRIMARY KEY,
  display_name TEXT NOT NULL,
  category TEXT NOT NULL CHECK(category IN ('Servicios', 'Operaciones')),
  is_active INTEGER DEFAULT 1
);
INSERT INTO "modules" ("id","display_name","category","is_active") VALUES('valet','Valet Parking','Servicios',1);
INSERT INTO "modules" ("id","display_name","category","is_active") VALUES('renta','Renta Equipos','Servicios',1);
INSERT INTO "modules" ("id","display_name","category","is_active") VALUES('xpress','Xpress Pro','Servicios',1);
INSERT INTO "modules" ("id","display_name","category","is_active") VALUES('kids','Eye Kids','Servicios',1);
INSERT INTO "modules" ("id","display_name","category","is_active") VALUES('eventos','Eventos','Operaciones',1);
INSERT INTO "modules" ("id","display_name","category","is_active") VALUES('listas','Listas','Operaciones',1);
INSERT INTO "modules" ("id","display_name","category","is_active") VALUES('formatos','Formatos','Operaciones',1);
INSERT INTO "modules" ("id","display_name","category","is_active") VALUES('admin','Administración','Operaciones',1);
INSERT INTO "modules" ("id","display_name","category","is_active") VALUES('monitoreo','Monitoreo Real-Time','Operaciones',1);
CREATE TABLE role_permissions (
  role TEXT NOT NULL,
  module_id TEXT NOT NULL,
  can_view INTEGER DEFAULT 1,
  PRIMARY KEY(role, module_id),
  FOREIGN KEY(module_id) REFERENCES modules(id)
);
INSERT INTO "role_permissions" ("role","module_id","can_view") VALUES('driver','valet',1);
INSERT INTO "role_permissions" ("role","module_id","can_view") VALUES('driver','formatos',1);
INSERT INTO "role_permissions" ("role","module_id","can_view") VALUES('supervisor','valet',1);
INSERT INTO "role_permissions" ("role","module_id","can_view") VALUES('supervisor','eventos',1);
INSERT INTO "role_permissions" ("role","module_id","can_view") VALUES('supervisor','listas',1);
INSERT INTO "role_permissions" ("role","module_id","can_view") VALUES('supervisor','formatos',1);
INSERT INTO "role_permissions" ("role","module_id","can_view") VALUES('director','valet',1);
INSERT INTO "role_permissions" ("role","module_id","can_view") VALUES('director','renta',1);
INSERT INTO "role_permissions" ("role","module_id","can_view") VALUES('director','xpress',1);
INSERT INTO "role_permissions" ("role","module_id","can_view") VALUES('director','kids',1);
INSERT INTO "role_permissions" ("role","module_id","can_view") VALUES('director','eventos',1);
INSERT INTO "role_permissions" ("role","module_id","can_view") VALUES('director','listas',1);
INSERT INTO "role_permissions" ("role","module_id","can_view") VALUES('director','formatos',1);
INSERT INTO "role_permissions" ("role","module_id","can_view") VALUES('director','admin',1);
INSERT INTO "role_permissions" ("role","module_id","can_view") VALUES('logistics','valet',1);
INSERT INTO "role_permissions" ("role","module_id","can_view") VALUES('logistics','formatos',1);
INSERT INTO "role_permissions" ("role","module_id","can_view") VALUES('director','monitoreo',1);
INSERT INTO "role_permissions" ("role","module_id","can_view") VALUES('supervisor','monitoreo',1);
CREATE TABLE payroll_rates (id INTEGER PRIMARY KEY AUTOINCREMENT, role TEXT NOT NULL UNIQUE, rate REAL NOT NULL, description TEXT);
INSERT INTO "payroll_rates" ("id","role","rate","description") VALUES(1,'driver',50,'Pago base por turno de conductor');
INSERT INTO "payroll_rates" ("id","role","rate","description") VALUES(2,'supervisor',80,'Pago base por turno de supervisor');
INSERT INTO "payroll_rates" ("id","role","rate","description") VALUES(3,'director',120,'Pago base por turno de director');
INSERT INTO "payroll_rates" ("id","role","rate","description") VALUES(7,'logistics',50,'Pago base por turno de logística');
CREATE TABLE payroll_submissions (id INTEGER PRIMARY KEY AUTOINCREMENT, user_id INTEGER NOT NULL, session_id INTEGER NOT NULL, date TEXT NOT NULL, role_at_event TEXT NOT NULL, bank_name TEXT, bank_account TEXT, amount REAL, status TEXT DEFAULT 'pending' CHECK(status IN ('pending', 'approved', 'rejected')), approved_at TEXT, created_at TEXT DEFAULT CURRENT_TIMESTAMP, FOREIGN KEY(user_id) REFERENCES users(id), FOREIGN KEY(session_id) REFERENCES sessions(id));
CREATE TABLE equivalences (
  id INTEGER PRIMARY KEY AUTOINCREMENT,
  category TEXT NOT NULL CHECK(category IN ('brand', 'model', 'color')),
  original_value TEXT NOT NULL,
  standard_value TEXT NOT NULL,
  UNIQUE(category, original_value)
);
INSERT INTO "equivalences" ("id","category","original_value","standard_value") VALUES(1,'brand','TOYO','TOYOTA');
INSERT INTO "equivalences" ("id","category","original_value","standard_value") VALUES(2,'brand','TOYOT','TOYOTA');
INSERT INTO "equivalences" ("id","category","original_value","standard_value") VALUES(3,'brand','FORDD','FORD');
INSERT INTO "equivalences" ("id","category","original_value","standard_value") VALUES(4,'brand','CHEVY','CHEVROLET');
INSERT INTO "equivalences" ("id","category","original_value","standard_value") VALUES(5,'brand','BMW ','BMW');
INSERT INTO "equivalences" ("id","category","original_value","standard_value") VALUES(6,'color','BLANKO','BLANCO');
INSERT INTO "equivalences" ("id","category","original_value","standard_value") VALUES(7,'color','NEGROO','NEGRO');
CREATE TABLE staff_attendance (
      id INTEGER PRIMARY KEY AUTOINCREMENT,
      user_id INTEGER,
      session_id INTEGER,
      type TEXT, -- 'entry', 'exit', 'break_start', 'break_end'
      timestamp DATETIME DEFAULT CURRENT_TIMESTAMP
    );
INSERT INTO "staff_attendance" ("id","user_id","session_id","type","timestamp") VALUES(32,412,32,'entry','2026-04-25 14:45:41');
INSERT INTO "staff_attendance" ("id","user_id","session_id","type","timestamp") VALUES(33,414,32,'entry','2026-04-25 14:45:43');
INSERT INTO "staff_attendance" ("id","user_id","session_id","type","timestamp") VALUES(34,375,31,'entry','2026-04-25 14:52:16');
INSERT INTO "staff_attendance" ("id","user_id","session_id","type","timestamp") VALUES(35,374,31,'entry','2026-04-25 15:04:33');
INSERT INTO "staff_attendance" ("id","user_id","session_id","type","timestamp") VALUES(36,398,31,'entry','2026-04-25 15:04:41');
INSERT INTO "staff_attendance" ("id","user_id","session_id","type","timestamp") VALUES(37,402,32,'entry','2026-04-25 15:12:17');
INSERT INTO "staff_attendance" ("id","user_id","session_id","type","timestamp") VALUES(38,402,32,'exit','2026-04-25 15:49:08');
INSERT INTO "staff_attendance" ("id","user_id","session_id","type","timestamp") VALUES(39,414,32,'exit','2026-04-25 15:49:11');
INSERT INTO "staff_attendance" ("id","user_id","session_id","type","timestamp") VALUES(40,412,32,'exit','2026-04-25 15:49:13');
INSERT INTO "staff_attendance" ("id","user_id","session_id","type","timestamp") VALUES(41,374,31,'exit','2026-04-25 19:04:50');
INSERT INTO "staff_attendance" ("id","user_id","session_id","type","timestamp") VALUES(42,375,31,'exit','2026-04-25 19:04:52');
INSERT INTO "staff_attendance" ("id","user_id","session_id","type","timestamp") VALUES(43,398,31,'exit','2026-04-25 19:04:54');
INSERT INTO "staff_attendance" ("id","user_id","session_id","type","timestamp") VALUES(44,348,33,'entry','2026-04-25 20:31:20');
INSERT INTO "staff_attendance" ("id","user_id","session_id","type","timestamp") VALUES(45,410,33,'entry','2026-04-25 20:31:21');
INSERT INTO "staff_attendance" ("id","user_id","session_id","type","timestamp") VALUES(46,346,33,'entry','2026-04-25 20:31:23');
INSERT INTO "staff_attendance" ("id","user_id","session_id","type","timestamp") VALUES(47,375,33,'entry','2026-04-25 20:31:24');
INSERT INTO "staff_attendance" ("id","user_id","session_id","type","timestamp") VALUES(48,359,33,'entry','2026-04-25 20:31:26');
INSERT INTO "staff_attendance" ("id","user_id","session_id","type","timestamp") VALUES(49,396,34,'entry','2026-04-25 20:36:56');
INSERT INTO "staff_attendance" ("id","user_id","session_id","type","timestamp") VALUES(50,366,34,'entry','2026-04-25 20:36:57');
INSERT INTO "staff_attendance" ("id","user_id","session_id","type","timestamp") VALUES(51,413,34,'entry','2026-04-25 20:46:29');
INSERT INTO "staff_attendance" ("id","user_id","session_id","type","timestamp") VALUES(52,396,34,'break_start','2026-04-25 20:46:36');
INSERT INTO "staff_attendance" ("id","user_id","session_id","type","timestamp") VALUES(53,396,34,'break_start','2026-04-25 20:46:41');
INSERT INTO "staff_attendance" ("id","user_id","session_id","type","timestamp") VALUES(54,396,34,'break_start','2026-04-25 20:46:43');
INSERT INTO "staff_attendance" ("id","user_id","session_id","type","timestamp") VALUES(55,413,34,'entry','2026-04-25 20:46:45');
INSERT INTO "staff_attendance" ("id","user_id","session_id","type","timestamp") VALUES(56,345,33,'entry','2026-04-26 04:39:38');
INSERT INTO "staff_attendance" ("id","user_id","session_id","type","timestamp") VALUES(57,410,33,'exit','2026-04-26 04:39:44');
INSERT INTO "staff_attendance" ("id","user_id","session_id","type","timestamp") VALUES(58,375,33,'exit','2026-04-26 04:39:47');
INSERT INTO "staff_attendance" ("id","user_id","session_id","type","timestamp") VALUES(59,348,33,'exit','2026-04-26 04:42:05');
INSERT INTO "staff_attendance" ("id","user_id","session_id","type","timestamp") VALUES(60,345,33,'exit','2026-04-26 04:42:07');
INSERT INTO "staff_attendance" ("id","user_id","session_id","type","timestamp") VALUES(61,359,33,'exit','2026-04-26 04:42:12');
INSERT INTO "staff_attendance" ("id","user_id","session_id","type","timestamp") VALUES(62,346,33,'exit','2026-04-26 04:42:45');
INSERT INTO "staff_attendance" ("id","user_id","session_id","type","timestamp") VALUES(63,366,34,'exit','2026-04-26 04:43:57');
INSERT INTO "staff_attendance" ("id","user_id","session_id","type","timestamp") VALUES(64,413,34,'exit','2026-04-26 04:43:59');
INSERT INTO "staff_attendance" ("id","user_id","session_id","type","timestamp") VALUES(65,396,34,'break_end','2026-04-26 04:44:03');
INSERT INTO "staff_attendance" ("id","user_id","session_id","type","timestamp") VALUES(66,396,34,'exit','2026-04-26 04:44:05');
INSERT INTO "staff_attendance" ("id","user_id","session_id","type","timestamp") VALUES(67,391,35,'entry','2026-04-26 05:41:25');
INSERT INTO "staff_attendance" ("id","user_id","session_id","type","timestamp") VALUES(68,418,35,'entry','2026-04-26 07:08:11');
INSERT INTO "staff_attendance" ("id","user_id","session_id","type","timestamp") VALUES(69,417,35,'entry','2026-04-26 07:08:15');
INSERT INTO "staff_attendance" ("id","user_id","session_id","type","timestamp") VALUES(70,384,35,'entry','2026-04-26 07:08:16');
INSERT INTO "staff_attendance" ("id","user_id","session_id","type","timestamp") VALUES(71,420,35,'entry','2026-04-26 07:08:17');
INSERT INTO "staff_attendance" ("id","user_id","session_id","type","timestamp") VALUES(72,418,35,'break_start','2026-04-26 07:30:15');
CREATE TABLE assets (id INTEGER PRIMARY KEY AUTOINCREMENT, name TEXT NOT NULL, type TEXT NOT NULL CHECK(type IN ('equipment', 'vehicle', 'other')), status TEXT DEFAULT 'available', description TEXT, created_at TEXT DEFAULT CURRENT_TIMESTAMP);
INSERT INTO "assets" ("id","name","type","status","description","created_at") VALUES(1,'GRÚA 01','vehicle','available','Unidad de remolque principal','2026-04-25 15:54:01');
INSERT INTO "assets" ("id","name","type","status","description","created_at") VALUES(2,'MOTO 05','vehicle','available','Traslado rápido de personal','2026-04-25 15:54:01');
INSERT INTO "assets" ("id","name","type","status","description","created_at") VALUES(3,'RADIO BASE','equipment','available','Estación central de comunicaciones','2026-04-25 15:54:01');
CREATE TABLE locations (id INTEGER PRIMARY KEY AUTOINCREMENT, entity_id INTEGER NOT NULL, entity_type TEXT NOT NULL CHECK(entity_type IN ('staff', 'asset')), latitude REAL NOT NULL, longitude REAL NOT NULL, accuracy REAL, ts TEXT DEFAULT CURRENT_TIMESTAMP);
INSERT INTO "locations" ("id","entity_id","entity_type","latitude","longitude","accuracy","ts") VALUES(1,1,'asset',10.488,-66.885,10,'2026-04-25 15:54:09');
INSERT INTO "locations" ("id","entity_id","entity_type","latitude","longitude","accuracy","ts") VALUES(2,2,'asset',10.485,-66.89,15,'2026-04-25 15:54:09');
INSERT INTO "locations" ("id","entity_id","entity_type","latitude","longitude","accuracy","ts") VALUES(3,3,'asset',10.482,-66.895,5,'2026-04-25 15:54:09');
INSERT INTO "locations" ("id","entity_id","entity_type","latitude","longitude","accuracy","ts") VALUES(4,1,'staff',40.43532491052055,-3.6674768300612657,40,'2026-04-25 19:05:32');
INSERT INTO "locations" ("id","entity_id","entity_type","latitude","longitude","accuracy","ts") VALUES(5,1,'staff',40.43532491052055,-3.6674768300612657,40,'2026-04-25 19:05:32');
INSERT INTO "locations" ("id","entity_id","entity_type","latitude","longitude","accuracy","ts") VALUES(6,1,'staff',40.43543721459973,-3.6678422648010374,35,'2026-04-25 19:05:33');
INSERT INTO "locations" ("id","entity_id","entity_type","latitude","longitude","accuracy","ts") VALUES(7,1,'staff',40.43538496953641,-3.6678005935627005,35,'2026-04-25 19:14:55');
INSERT INTO "locations" ("id","entity_id","entity_type","latitude","longitude","accuracy","ts") VALUES(8,1,'staff',40.43538496953641,-3.6678005935627005,35,'2026-04-25 19:14:55');
INSERT INTO "locations" ("id","entity_id","entity_type","latitude","longitude","accuracy","ts") VALUES(9,1,'staff',40.43538496919413,-3.6678005931503344,35,'2026-04-25 19:14:55');
INSERT INTO "locations" ("id","entity_id","entity_type","latitude","longitude","accuracy","ts") VALUES(10,1,'staff',40.43538496914494,-3.667800593091251,35,'2026-04-25 19:14:55');
INSERT INTO "locations" ("id","entity_id","entity_type","latitude","longitude","accuracy","ts") VALUES(11,1,'staff',40.43532531696651,-3.6676425488686846,35,'2026-04-25 19:19:56');
INSERT INTO "locations" ("id","entity_id","entity_type","latitude","longitude","accuracy","ts") VALUES(12,1,'staff',40.43538238380843,-3.6678324207942765,10.56144697642574,'2026-04-25 20:25:05');
INSERT INTO "locations" ("id","entity_id","entity_type","latitude","longitude","accuracy","ts") VALUES(13,1,'staff',40.43538238380843,-3.6678324207942765,10.695014,'2026-04-25 20:25:06');
INSERT INTO "locations" ("id","entity_id","entity_type","latitude","longitude","accuracy","ts") VALUES(14,1,'staff',40.43538241212057,-3.6678324245209883,9.384504527642699,'2026-04-25 20:25:06');
INSERT INTO "locations" ("id","entity_id","entity_type","latitude","longitude","accuracy","ts") VALUES(15,1,'staff',40.43538238380843,-3.6678324207942765,10.56144697642574,'2026-04-25 20:25:06');
INSERT INTO "locations" ("id","entity_id","entity_type","latitude","longitude","accuracy","ts") VALUES(16,1,'staff',40.43538237971096,-3.66783242025493,9.384321408496016,'2026-04-25 20:25:06');
INSERT INTO "locations" ("id","entity_id","entity_type","latitude","longitude","accuracy","ts") VALUES(17,1,'staff',40.43538240368368,-3.6678324234104465,8.501047171567002,'2026-04-25 20:25:12');
INSERT INTO "locations" ("id","entity_id","entity_type","latitude","longitude","accuracy","ts") VALUES(18,1,'staff',40.435382420320344,-3.6678324256003214,7.823790089503955,'2026-04-25 20:25:18');
INSERT INTO "locations" ("id","entity_id","entity_type","latitude","longitude","accuracy","ts") VALUES(19,1,'staff',40.43538243258332,-3.6678324272144893,7.29873863385783,'2026-04-25 20:25:24');
INSERT INTO "locations" ("id","entity_id","entity_type","latitude","longitude","accuracy","ts") VALUES(20,1,'staff',40.435382441965544,-3.6678324284494654,6.857059835228763,'2026-04-25 20:25:30');
INSERT INTO "locations" ("id","entity_id","entity_type","latitude","longitude","accuracy","ts") VALUES(21,1,'staff',40.435382451288106,-3.667832429676588,7.276242582031572,'2026-04-25 20:25:39');
INSERT INTO "locations" ("id","entity_id","entity_type","latitude","longitude","accuracy","ts") VALUES(22,1,'staff',40.43538245863304,-3.6678324306433976,6.933677373073247,'2026-04-25 20:25:45');
INSERT INTO "locations" ("id","entity_id","entity_type","latitude","longitude","accuracy","ts") VALUES(23,1,'staff',40.43538145950531,-3.667832497128152,13.96602881232343,'2026-04-26 05:00:49');
INSERT INTO "locations" ("id","entity_id","entity_type","latitude","longitude","accuracy","ts") VALUES(24,1,'staff',40.43538145977589,-3.667832497163841,14.995014000000001,'2026-04-26 05:00:49');
INSERT INTO "locations" ("id","entity_id","entity_type","latitude","longitude","accuracy","ts") VALUES(25,1,'staff',40.43538145950531,-3.667832497128152,13.96602881232343,'2026-04-26 05:00:49');
INSERT INTO "locations" ("id","entity_id","entity_type","latitude","longitude","accuracy","ts") VALUES(26,1,'staff',40.435381457220025,-3.6678324968267244,11.942749794709139,'2026-04-26 05:00:49');
INSERT INTO "locations" ("id","entity_id","entity_type","latitude","longitude","accuracy","ts") VALUES(27,1,'staff',40.43538150964567,-3.6678325037416073,11.94317578837062,'2026-04-26 05:00:49');
INSERT INTO "locations" ("id","entity_id","entity_type","latitude","longitude","accuracy","ts") VALUES(28,1,'staff',40.4353814947762,-3.667832501780342,10.270914003037223,'2026-04-26 05:00:56');
INSERT INTO "locations" ("id","entity_id","entity_type","latitude","longitude","accuracy","ts") VALUES(29,1,'staff',40.43538151667351,-3.667832504668571,9.139972108658723,'2026-04-26 05:01:01');
INSERT INTO "locations" ("id","entity_id","entity_type","latitude","longitude","accuracy","ts") VALUES(30,1,'staff',40.435381531010655,-3.6678325065596242,8.314782008482727,'2026-04-26 05:01:09');
INSERT INTO "locations" ("id","entity_id","entity_type","latitude","longitude","accuracy","ts") VALUES(31,1,'staff',40.43538154112351,-3.6678325078934995,7.678238524989244,'2026-04-26 05:01:17');
INSERT INTO "locations" ("id","entity_id","entity_type","latitude","longitude","accuracy","ts") VALUES(32,1,'staff',40.43538154868349,-3.667832508890652,7.189669530787885,'2026-04-26 05:01:23');
CREATE TABLE geofences (
  id INTEGER PRIMARY KEY AUTOINCREMENT,
  name TEXT NOT NULL,
  latitude REAL NOT NULL,
  longitude REAL NOT NULL,
  radius INTEGER NOT NULL,
  type TEXT CHECK(type IN ('office', 'client', 'danger_zone')) DEFAULT 'office',
  is_active INTEGER DEFAULT 1,
  created_at TEXT DEFAULT CURRENT_TIMESTAMP
);
CREATE TABLE geofence_alerts (
  id INTEGER PRIMARY KEY AUTOINCREMENT,
  user_id INTEGER NOT NULL,
  geofence_id INTEGER NOT NULL,
  alert_type TEXT CHECK(alert_type IN ('entry', 'exit')),
  ts TEXT DEFAULT CURRENT_TIMESTAMP,
  FOREIGN KEY(user_id) REFERENCES users(id),
  FOREIGN KEY(geofence_id) REFERENCES geofences(id)
);
DELETE FROM sqlite_sequence;
INSERT INTO "sqlite_sequence" ("name","seq") VALUES('slots',30);
INSERT INTO "sqlite_sequence" ("name","seq") VALUES('vehicles_old',3);
INSERT INTO "sqlite_sequence" ("name","seq") VALUES('vehicles',90);
INSERT INTO "sqlite_sequence" ("name","seq") VALUES('photos',124);
INSERT INTO "sqlite_sequence" ("name","seq") VALUES('events',22);
INSERT INTO "sqlite_sequence" ("name","seq") VALUES('sessions',35);
INSERT INTO "sqlite_sequence" ("name","seq") VALUES('messages',3);
INSERT INTO "sqlite_sequence" ("name","seq") VALUES('payroll_rates',7);
INSERT INTO "sqlite_sequence" ("name","seq") VALUES('equivalences',7);
INSERT INTO "sqlite_sequence" ("name","seq") VALUES('payroll_submissions',9);
INSERT INTO "sqlite_sequence" ("name","seq") VALUES('staff_attendance',72);
INSERT INTO "sqlite_sequence" ("name","seq") VALUES('users',420);
INSERT INTO "sqlite_sequence" ("name","seq") VALUES('assets',3);
INSERT INTO "sqlite_sequence" ("name","seq") VALUES('locations',32);
CREATE UNIQUE INDEX idx_users_name ON users(name);
