PRAGMA defer_foreign_keys=TRUE;
CREATE TABLE users (
  id INTEGER PRIMARY KEY AUTOINCREMENT,
  name TEXT NOT NULL,
  pin_hash TEXT NOT NULL,
  role TEXT NOT NULL CHECK(role IN ('driver','supervisor','director','logistics')),
  created_at TEXT DEFAULT CURRENT_TIMESTAMP
, status TEXT, cargo TEXT, birth_date TEXT, email TEXT, address TEXT, cedula TEXT, sector TEXT, phone TEXT, emergency_contact TEXT, emergency_phone TEXT, is_allergic TEXT, current_session_id INTEGER, bank_name TEXT, bank_account TEXT);
INSERT INTO "users" VALUES(89,'JOSSER RIVAS','P117','supervisor','2026-04-25 14:20:50','INACTIVO','JEFE DE GRUPO / ORO 3','27247','adriangarcia063@hotmail.com','EDIF. A5, PB, APTO. 11, CALLE GARCILAZO CON AV. CARONI','11941117','COLINAS DE BELLO MONTE','0414 2537468',NULL,NULL,NULL,NULL,NULL,NULL);
INSERT INTO "users" VALUES(90,'JOSÉ RAMOS','P783','supervisor','2026-04-25 14:20:50','ACTIVO','COORDINADOR / BRONCE 10','27887','jmrg0507@gmail.com','MARICHE TERRAZAS DE GUAICOCO','13736783','MARICHE','0414 2649662',NULL,NULL,NULL,NULL,NULL,NULL);
INSERT INTO "users" VALUES(91,'FRANCYS RANGEL','P809','supervisor','2026-04-25 14:20:50','INACTIVO','COORDINADOR / BRONCE 40','34450','ciiz_26@hotmail.com','CASA 18, SUR 1, SAMANES DE BETANIA','23513809','CHARALLAVE','0416 2915377',NULL,NULL,NULL,NULL,NULL,NULL);
INSERT INTO "users" VALUES(92,'ANTONY SALAZAR','P986','supervisor','2026-04-25 14:20:50','INACTIVO','COORDINADOR AUXILIAR','34228','antonysalazar_1993@hotmail.com','CASA S/N, BARRIO SAN BLAS, SECTOR 2','20678986','PETARE','0426 4153827',NULL,NULL,NULL,NULL,NULL,NULL);
INSERT INTO "users" VALUES(93,'MANUEL VARGAS O','P539','supervisor','2026-04-25 14:20:50','INACTIVO','COORDINADOR AUXILIAR','33796','manuel_mavo11@hotmail.com','CALLE MONROY, AV.LA CASCADA, QUINTA MI REFUJIO','22908539','SAN ANTONIO DE LOS ALTOS','0426 1895655',NULL,NULL,NULL,NULL,NULL,NULL);
INSERT INTO "users" VALUES(94,'LEONARDO ALEZARD','L762','driver','2026-04-25 14:20:50','INACTIVO','LOGISTICA','34726','l.j.alezard@gmail.com','CASA S/N, CALLE TAMANACO, LA CULTA','24407762','SANTA TERESA DEL TUY','0412 6234536',NULL,NULL,NULL,NULL,NULL,NULL);
INSERT INTO "users" VALUES(95,'ELENA ALVAREZ F','L298','driver','2026-04-25 14:20:50','INACTIVO','LOGISTICA','32733','elenaalvarezferrer@yahoo.es','ZONA INDUSTRIAL LA NAYA CALLE MARA LAS MINITAS','19993298','LAS MINITAS','0426 3218134',NULL,NULL,NULL,NULL,NULL,NULL);
INSERT INTO "users" VALUES(96,'STEVENS ALZOLAR','L362','driver','2026-04-25 14:20:50','INACTIVO','LOGISTICA','30849','stevens_alzolar@hotmail.com','CASA 5, CALLE ARAGUITA II, SECTOR 28C','18728362','OCUMARE DEL TUY','',NULL,NULL,NULL,NULL,NULL,NULL);
INSERT INTO "users" VALUES(97,'JUAN BIGOTT','L153','driver','2026-04-25 14:20:50','INACTIVO','LOGISTICA','36841','bigottjuan@gmail.com','FINAL AV CARONI RES MIÑA','28315153','COLINAS DE BELLO MONTE','0414 2069598',NULL,NULL,NULL,NULL,NULL,NULL);
INSERT INTO "users" VALUES(98,'LUZ BLANCO','L238','driver','2026-04-25 14:20:50','INACTIVO','LOGISTICA','34317','luztahiri@hotmail.com','GUARENAS , EDO MIRANDA.','25539238','URB .SOCIALISTA, CIUDAD BELEN TERRAZA 37.','0416 6044086',NULL,NULL,NULL,NULL,NULL,NULL);
INSERT INTO "users" VALUES(99,'RICHARD BURGOS','L492','driver','2026-04-25 14:20:50','INACTIVO','LOGISTICA','34029','BRIANA2015_RICHARD@HOTMAIL.COM','MARIPEREZ,AV, AMDRES BELLO','22762492','','0412 3929262',NULL,NULL,NULL,NULL,NULL,NULL);
INSERT INTO "users" VALUES(100,'GIRSON CHACON','L834','driver','2026-04-25 14:20:50','INACTIVO','LOGISTICA','35476','jesuschacon111@hotmail.com','PETARE BARRIO MIRANDA DEL ESTE,CASA N° 1020','25322834','PETARE','0412 3648282',NULL,NULL,NULL,NULL,NULL,NULL);
INSERT INTO "users" VALUES(101,'LUISA CORONADO','L093','driver','2026-04-25 14:20:50','INACTIVO','LOGISTICA','34753','luisa_elena_23@hotmail.com','CASA 42, CALLE PRINCIPAL','22500093','SAN ANTONIO DE YARE','0416 2041448',NULL,NULL,NULL,NULL,NULL,NULL);
INSERT INTO "users" VALUES(102,'JEISON ECHENIQUE C','L361','driver','2026-04-25 14:20:50','INACTIVO','LOGISTICA','34772','','PETARE CALLE PRINCIPAL DE MACA','23340361','PETARE','0424  2068474',NULL,NULL,NULL,NULL,NULL,NULL);
INSERT INTO "users" VALUES(103,'ANDREA FERNADEZ','L491','driver','2026-04-25 14:20:50','INACTIVO','LOGISTICA','36790','andrea_victoriaf@hotmail.com','FINAL AV CARONI RES MIÑA','28315491','COLINAS DE BELLO MONTE','0412 5485780',NULL,NULL,NULL,NULL,NULL,NULL);
INSERT INTO "users" VALUES(104,'MERVIN GARCIA','L170','driver','2026-04-25 14:20:50','INACTIVO','LOGISTICA','34996','mervin_13garcia@hotmail.com','CASA B14A, CALLE 3 A MANO IZQUIERDA, JARDINES DE BETANIA','25839170','OCUMARE DEL TUY','',NULL,NULL,NULL,NULL,NULL,NULL);
INSERT INTO "users" VALUES(105,'MANUEL GARCIA','L906','driver','2026-04-25 14:20:50','INACTIVO','LOGISTICA','32106','alejandrogarcia_87@hotmail.com','','18182906','VALENCIA','0412 0584240',NULL,NULL,NULL,NULL,NULL,NULL);
INSERT INTO "users" VALUES(106,'YEISON GOMEZ','L081','driver','2026-04-25 14:20:50','INACTIVO','LOGISTICA','34578','yeison.jg@gmail.com','ANTIMANO ,GERMAN RODRIGUEZ,CALLEJON LA NUEVECITA CAS N 28','25729081','ANTIMANO','0212 8340394',NULL,NULL,NULL,NULL,NULL,NULL);
INSERT INTO "users" VALUES(107,'YIMMY GUERRERO','L074','driver','2026-04-25 14:20:50','INACTIVO','LOGISTICA','32851','Hewitt8960@gmail.com','LA PASTORA PUERTA DE CARACAS EL POLVERIN, PISO 1 .','19060074','','0412 3811324',NULL,NULL,NULL,NULL,NULL,NULL);
INSERT INTO "users" VALUES(108,'KARELYS ISEA S','L906','driver','2026-04-25 14:20:50','INACTIVO','LOGISTICA','35149','karelysisea93@gmail.com','CASA 6, ZONA INDUSTRIAL, SECTOR LAS PALMAS','23950906','MAMERA II','0414 0106468',NULL,NULL,NULL,NULL,NULL,NULL);
INSERT INTO "users" VALUES(109,'YOSELIZ MARTINEZ G','L496','driver','2026-04-25 14:20:50','INACTIVO','LOGISTICA','33154','yoseliz.MARTINEZ@gmail.com','CHARALLAVE','19960496','RES MIRAVALLES 45-B','0412 3316077',NULL,NULL,NULL,NULL,NULL,NULL);
INSERT INTO "users" VALUES(110,'ADRIANA MENDOZA','L235','driver','2026-04-25 14:20:50','INACTIVO','LOGISTICA','35756','a.ines.mendoza.c@gmail.com','CASA 54, CALLE ARAUCA, SECTOR LOS ALPES','26111235','OCUMARE DEL TUY','0426 9189066',NULL,NULL,NULL,NULL,NULL,NULL);
INSERT INTO "users" VALUES(111,'EXIOBER MENDOZA','L815','driver','2026-04-25 14:20:50','INACTIVO','LOGISTICA','33168','exiovermendoza@gmail.com','CARAPITA,PARROQUIA ANTIMANO','20308815','LA ACEQUIA EL SOL','0424 2445521',NULL,NULL,NULL,NULL,NULL,NULL);
INSERT INTO "users" VALUES(112,'ALBERT MENESES','L885','driver','2026-04-25 14:20:50','INACTIVO','LOGISTICA','33928','puul_mb@hotmail.com','EDIF. JUPITER, PISO 7, APTO. 71, CALLE PRINCIPAL DE ORIONES, URB. LA ESTRELLA','20483885','CHARALLAVE','0416 2175376',NULL,NULL,NULL,NULL,NULL,NULL);
INSERT INTO "users" VALUES(113,'YARELVIS PERDOMO','L577','driver','2026-04-25 14:20:50','INACTIVO','LOGISTICA','36037','yarelvisperdomo@gmail.com','RES. HIPODROMO, PISO 14, APTO. 141, AV. INTERCOMUNAL DE COCHE','26728577','COCHE','0426 4559321',NULL,NULL,NULL,NULL,NULL,NULL);
INSERT INTO "users" VALUES(114,'MARLON PEREZ R','L736','driver','2026-04-25 14:20:50','INACTIVO','LOGISTICA','31696','marlon_perez08@hotmail.com','BLOQUE 10 LETRA C URB RUIZ PINEDA','18446736','RUIZ PINEDA','0412 7099679',NULL,NULL,NULL,NULL,NULL,NULL);
INSERT INTO "users" VALUES(115,'YOSMEL SILVA','L088','driver','2026-04-25 14:20:50','INACTIVO','LOGISTICA','34639','yosmels7713@gmail.com','BLOQUE 11 DE LOMAS DE URDANETA','25871088','PROPATRIA','0426 8086035',NULL,NULL,NULL,NULL,NULL,NULL);
INSERT INTO "users" VALUES(116,'YOSWEL SILVA','L542','driver','2026-04-25 14:20:50','INACTIVO','LOGISTICA','34191','joswels@hotmail.com','CASA 16, PRIMERA AV. EL AMPARO, EL CUARTEL','24218542','CATIA','0424 2733255',NULL,NULL,NULL,NULL,NULL,NULL);
INSERT INTO "users" VALUES(117,'LILIMAR TOVAR','L754','driver','2026-04-25 14:20:50','INACTIVO','LOGISTICA','34011','alytovar16@gmail.com','CARICUAO UD 4','23658754','TERRAZA VUELVAN CARAS APTO 02','',NULL,NULL,NULL,NULL,NULL,NULL);
INSERT INTO "users" VALUES(118,'ANGELA VISCAINO','L531','driver','2026-04-25 14:20:50','INACTIVO','LOGISTICA','33427','aviscaino35@gmail.com','AV FUERZAS ARMADAS ESQ.SAN ENRIQUE','21759531','FUERZAS ARMADAS','0412 5812472',NULL,NULL,NULL,NULL,NULL,NULL);
INSERT INTO "users" VALUES(119,'PETER TORRES','L483','driver','2026-04-25 14:20:50','INACTIVO','LOGISTICA','29504','pettertorres10@gmail.com','23 DE ENERO ,BLOQUE 44 PISO 9 LETRA M, APTO 924.','14446483','23 DE ENERO','0212 8587148',NULL,NULL,NULL,NULL,NULL,NULL);
INSERT INTO "users" VALUES(120,'MOISES MENDOZA','L559','driver','2026-04-25 14:20:50','INACTIVO','LOGISTICA','31977','','SANTA ROSA CASA A-8 , CALLE MANZANA 25 URB SANTA ROSA, VALLES DEL TUY','','VALLES DEL TUY','0414 2611219',NULL,NULL,NULL,NULL,NULL,NULL);
INSERT INTO "users" VALUES(121,'JOSMARY AGREDA','L786','driver','2026-04-25 14:20:50','INACTIVO','LOGISTICA','30717','lanegrafp@gmail.com','SANTA ROSA CASA A-8 , CALLE MANZANA 25 URB SANTA ROSA, VALLES DEL TUY','16662786','VALLES DEL TUY','0424 2030408',NULL,NULL,NULL,NULL,NULL,NULL);
INSERT INTO "users" VALUES(122,'ALMENAR','L420','driver','2026-04-25 14:20:50','INACTIVO','LOGISTICA','27843','almenarsolange2403@gmail.com','AV PRINCIPAL DE LOS RUICES,LOS ALMENDROS, PISO 15 LOS RUICES.','11561420','LOS RUICES','0424 2026410',NULL,NULL,NULL,NULL,NULL,NULL);
INSERT INTO "users" VALUES(123,'JORGE DIAZ','L285','driver','2026-04-25 14:20:50','INACTIVO','LOGISTICA','25465','jorgediaz2316@gmail.com','LA URBINA PISO 4 APTO 4-4','16117285','LA URBINA','0412 7010343',NULL,NULL,NULL,NULL,NULL,NULL);
INSERT INTO "users" VALUES(124,'JUAN MORANTES','L223','driver','2026-04-25 14:20:50','INACTIVO','LOGISTICA','25217','juanalbertomorantesmendez@gmail.com','','10352223','','0412 3723956',NULL,NULL,NULL,NULL,NULL,NULL);
INSERT INTO "users" VALUES(125,'IVOR MARTINEZ','L965','driver','2026-04-25 14:20:50','INACTIVO','LOGISTICA','25020','ivorgm2@hotmail.com','ESCALERA LOS ROBLES CASA #12 , PISO 3 VIA MESUCA PETARE, SECTOR EL CERRITO , VUELTA LA HORQUILLA.','10039965','PETARE','0426 2007335',NULL,NULL,NULL,NULL,NULL,NULL);
INSERT INTO "users" VALUES(126,'MANUEL VARGAS O','P539','supervisor','2026-04-25 14:20:50','INACTIVO','COORDINADOR AUXILIAR SIN ','33796','manuel_mavo11@hotmail.com','CALLE MONROY, AV.LA CASCADA, QUINTA MI REFUJIO','22908539','SAN ANTONIO DE LOS ALTOS','0426 1895655',NULL,NULL,NULL,NULL,NULL,NULL);
INSERT INTO "users" VALUES(127,'ISMAEL TORREALBA','L745','driver','2026-04-25 14:20:50','INACTIVO','LOGISTICA','31711','one_tree_hill_new_life@hotmail.com','','17967745','','0414 2571114',NULL,NULL,NULL,NULL,NULL,NULL);
INSERT INTO "users" VALUES(128,'YOSELIZ MARTINEZ G','L496','driver','2026-04-25 14:20:50','INACTIVO','LOGISTICA','33154','yoseliz.MARTINEZ@gmail.com','CHARALLAVE','19960496','RES MIRAVALLES 45-B','0412 3316077',NULL,NULL,NULL,NULL,NULL,NULL);
INSERT INTO "users" VALUES(129,'KARELYS ISEA S','L906','driver','2026-04-25 14:20:50','INACTIVO','LOGISTICA','35149','karelysisea93@gmail.com','CASA 6, ZONA INDUSTRIAL, SECTOR LAS PALMAS','23950906','MAMERA II','0414 0106468',NULL,NULL,NULL,NULL,NULL,NULL);
INSERT INTO "users" VALUES(130,'WILMER VASQUEZ','L783','driver','2026-04-25 14:20:50','INACTIVO','LOGISTICA','36113','wilmer_14vt@hotmail.com','CASA 22, CALLE SANTA CECILIA, SECTOR EL PAUJI','26312783','SAN FRANCISCO DE YARE','0414 9907785',NULL,NULL,NULL,NULL,NULL,NULL);
INSERT INTO "users" VALUES(131,'NESTOR FLORES','L384','driver','2026-04-25 14:20:50','INACTIVO','LOGISTICA','28252','nestorjose1910@hotmail.com','CASA 96, EL CHORRITO, BULEVARD SAN GREGORIO','13832384','LA DOLORITA','0414 2237607',NULL,NULL,NULL,NULL,NULL,NULL);
INSERT INTO "users" VALUES(132,'VICTOR RIVERO','L418','driver','2026-04-25 14:20:50','INACTIVO','LOGISTICA','35226','victorvillareal1996@gmail.com','','24214418','','',NULL,NULL,NULL,NULL,NULL,NULL);
INSERT INTO "users" VALUES(133,'THAISERLY RODRIGUEZ','L628','driver','2026-04-25 14:20:50','INACTIVO','LOGISTICA','35381','thaiserly121196@gmail.com','CARICUAO. EDF RESIDENCIAS JUVENTUD APTO 701.','25215628','CARICUAO','0426 4020517',NULL,NULL,NULL,NULL,NULL,NULL);
INSERT INTO "users" VALUES(134,'JEISON ECHENIQUE C','L361','driver','2026-04-25 14:20:50','INACTIVO','LOGISTICA','34772','','PETARE CALLE PRINCIPAL DE MACA','23340361','PETARE','0424  2068474',NULL,NULL,NULL,NULL,NULL,NULL);
INSERT INTO "users" VALUES(135,'ELENA ALVAREZ F','L298','driver','2026-04-25 14:20:50','INACTIVO','LOGISTICA','32733','elenaalvarezferrer@yahoo.es','ZONA INDUSTRIAL LA NAYA CALLE MARA LAS MINITAS','19993298','LAS MINITAS','0426 3218134',NULL,NULL,NULL,NULL,NULL,NULL);
INSERT INTO "users" VALUES(136,'LUIS VAZQUEZ','L211','driver','2026-04-25 14:20:50','INACTIVO','LOGISTICA','35593','','','25891211','VALLES DEL TUY','0416 8075466',NULL,NULL,NULL,NULL,NULL,NULL);
INSERT INTO "users" VALUES(137,'ELVIS CASTILLO','L859','driver','2026-04-25 14:20:50','INACTIVO','LOGISTICA','35913','','SIERRA MAESTRA ,CAMBOYA, UBR SANTA ROSA','26992859','SIERRA MAESTRA','0412 8012881',NULL,NULL,NULL,NULL,NULL,NULL);
INSERT INTO "users" VALUES(138,'ROSMARYS RODRIGUEZ','L870','driver','2026-04-25 14:20:50','INACTIVO','LOGISTICA','36808','rosmaris.g.diaz@gmail.com','AV NUEVA GRANADA , LOS ROSALES CASA 20-1','27752870','NUEVA GRANADA','0424 1670158',NULL,NULL,NULL,NULL,NULL,NULL);
INSERT INTO "users" VALUES(139,'PEDRO MALAVE','P170','supervisor','2026-04-25 14:20:50','INACTIVO','SUPERVISOR / PLATA 6','27193','p.j.m.c.13@hotmail.com','BLOQUE 42, PISO 12, APTO. 1206, ZONA F','12069170','23 DE ENERO','0412 9891284',NULL,NULL,NULL,NULL,NULL,NULL);
INSERT INTO "users" VALUES(140,'MARLON PEREZ R','L736','driver','2026-04-25 14:20:50','ACTIVO','LOGISTICA','31696','marlon_perez08@hotmail.com','BLOQUE 10 LETRA C URB RUIZ PINEDA','18446736','RUIZ PINEDA','0412 7099679',NULL,NULL,NULL,NULL,NULL,NULL);
INSERT INTO "users" VALUES(141,'JESSABETH GARCIA','L111','driver','2026-04-25 14:20:50','ACTIVO','LOGISTICA','35465','jessalexgarcia@gmail.com','SAN ANDRES , EL VALLE CASA 114','25516111','EL VALLE','0412 2127867',NULL,NULL,NULL,NULL,NULL,NULL);
INSERT INTO "users" VALUES(142,'YONAIKEL VIÑA','L454','driver','2026-04-25 14:20:50','ACTIVO','LOGISTICA','36582','yetsacalpa@gmail.com','LOS JARDINES DEL VALLE CASA 56','27333454','JARDINES DEL VALLE','4265284942',NULL,NULL,NULL,NULL,NULL,NULL);
INSERT INTO "users" VALUES(143,'FELIX SALOM','L587','driver','2026-04-25 14:20:50','ACTIVO','LOGISTICA','35920','','EDF CHAMA .CALLE CHAMA AV. CARONI COLINAS DE BELLO MONTE','26210587','COLINAS DE BELLO MONTE','0424 2754562',NULL,NULL,NULL,NULL,NULL,NULL);
INSERT INTO "users" VALUES(144,'ADRIAN SALOM','L219','driver','2026-04-25 14:20:50','ACTIVO','LOGISTICA','36766','adrisalom2000@hotmail.com','EDF CHAMA .CALLE CHAMA AV. CARONI COLINAS DE BELLO MONTE','29625219','BELLO MONTE','0424 2480405',NULL,NULL,NULL,NULL,NULL,NULL);
INSERT INTO "users" VALUES(145,'RUBEN FLORES','L469','driver','2026-04-25 14:20:50','ACTIVO','LOGISTICA','','','','24407469','','',NULL,NULL,NULL,NULL,NULL,NULL);
INSERT INTO "users" VALUES(146,'GENESISI ORTIZ','L803','driver','2026-04-25 14:20:50','ACTIVO','LOGISTICA','36877','ortizguerragenesispaola@gmail.com','CARICUAO UD1 CALLE JUAN GONZALEZ','27764803','CARICUAO','0412 6134772',NULL,NULL,NULL,NULL,NULL,NULL);
INSERT INTO "users" VALUES(147,'JOSE ARAQUE','L578','driver','2026-04-25 14:20:50','ACTIVO','LOGISTICA','','ignacioaraque99@gmail.com','COLINAS DE BELLO MONTE ','26386578','BELLO MONTE','0412 2516003',NULL,NULL,NULL,NULL,NULL,NULL);
INSERT INTO "users" VALUES(148,'EDUARDO MACHADO','L888','driver','2026-04-25 14:20:50','ACTIVO','LOGISTICA','32487','eduarmac23@gmail.com','','19452888','','',NULL,NULL,NULL,NULL,NULL,NULL);
INSERT INTO "users" VALUES(149,'STEPHANNY SANTAMARIA','L062','driver','2026-04-25 14:20:50','ACTIVO','LOGISTICA','33665','stephannysantamaria586@gmail.com','EDF LAS 3 RAICES AV LECUNA ','23943062','AV. LECUNA','0414 2212017',NULL,NULL,NULL,NULL,NULL,NULL);
INSERT INTO "users" VALUES(150,'GIOVANNI URBINA','L488','driver','2026-04-25 14:20:50','ACTIVO','VOTADO','28862','giovanniurbina3@gmail.com','','15132488','','',NULL,NULL,NULL,NULL,NULL,NULL);
INSERT INTO "users" VALUES(151,'MEURY YANEZ','L321','driver','2026-04-25 14:20:50','ACTIVO','LOGISTICA','32184','yanezmeury@gmail.com','URB.VALLE ALTO 1 CALLE 3H-18','17982321','OCUMARE DEL TUY','0412 9979520',NULL,NULL,NULL,NULL,NULL,NULL);
INSERT INTO "users" VALUES(152,'CARLOS ROMERO','L235','driver','2026-04-25 14:20:50','ACTIVO','LOGISTICA','36418','COHOTMAIL.COMVA_CJ@','EL VALLE','27472235','SECTOR BRUZUAL CALLE 128 DE OCTUBRE CASA N°26','0424 1261172',NULL,NULL,NULL,NULL,NULL,NULL);
INSERT INTO "users" VALUES(153,'GIAN SUAREZ','L015','driver','2026-04-25 14:20:50','ACTIVO','LOGISTICA','','','','23521015','','0424 1206282',NULL,NULL,NULL,NULL,NULL,NULL);
INSERT INTO "users" VALUES(154,'IRIS SESCUN','L042','driver','2026-04-25 14:20:50','ACTIVO','LOGISTICA','36734','','SAN ANTONIO','27669042','','0412 7879603',NULL,NULL,NULL,NULL,NULL,NULL);
INSERT INTO "users" VALUES(155,'AILYN GARCIA','L742','driver','2026-04-25 14:20:50','ACTIVO','LOGISTICA','','erianagarcia.07@gmail.com','GUATIRE','','LAS ROSAS','0414-1087333',NULL,NULL,NULL,NULL,NULL,NULL);
INSERT INTO "users" VALUES(156,'HECTOR DAVILA','L798','driver','2026-04-25 14:20:50','ACTIVO','LOGISTICA','','','','7953798','','0412 8033424',NULL,NULL,NULL,NULL,NULL,NULL);
INSERT INTO "users" VALUES(157,'ANDRES ORELLANA','L858','driver','2026-04-25 14:20:50','ACTIVO','LOGISTICA','','andresnoobxnx@gmail.com','CATIA','30602858','LOMAS DE URDANETA','0424-1222521',NULL,NULL,NULL,NULL,NULL,NULL);
INSERT INTO "users" VALUES(158,'DOUGLAS DIAZ','L127','driver','2026-04-25 14:20:50','ACTIVO','LOGISTICA','36278','douglasdiaz280499@gmail.com','MONTE PIEDAD, BLOQUE 12 , 23 DE ENERO','26621127','23 DE ENERO','0424 1278414',NULL,NULL,NULL,NULL,NULL,NULL);
INSERT INTO "users" VALUES(159,'JOHNYS VELASQUEZ','L147','driver','2026-04-25 14:20:50','ACTIVO','LOGISTICA','37380','johnysjohnys7@gmail.com','LUCIA KM1 BARRIO JULIAN ','29935147','PETARE','0424 1549682',NULL,NULL,NULL,NULL,NULL,NULL);
INSERT INTO "users" VALUES(160,'JOSE BEJARANO','L675','driver','2026-04-25 14:20:50','ACTIVO','LOGISTICA','','','','13537675','','',NULL,NULL,NULL,NULL,NULL,NULL);
INSERT INTO "users" VALUES(161,'LUIS CASTRO','L472','driver','2026-04-25 14:20:50','ACTIVO','LOGISTICA','29035','LUISALEXX13872472@GMAIL.COM','ALI PRIMERA','13872472','LONGARAY','0412-0155829',NULL,NULL,NULL,NULL,NULL,NULL);
INSERT INTO "users" VALUES(162,'JULIO BRAZON','L066','driver','2026-04-25 14:20:50','ACTIVO','LOGISTICA','35338','JULIOBRAZON123456@GMAIL.COM','ANTIMANO','25329066','','0414-2542184',NULL,NULL,NULL,NULL,NULL,NULL);
INSERT INTO "users" VALUES(163,'ISAAC DIAZ','L820','driver','2026-04-25 14:20:50','ACTIVO','LOGISTICA','','','','27107820','','',NULL,NULL,NULL,NULL,NULL,NULL);
INSERT INTO "users" VALUES(164,'MAIKEL AVILA','L305','driver','2026-04-25 14:20:50','ACTIVO','LOGISTICA','','','','13686305','','',NULL,NULL,NULL,NULL,NULL,NULL);
INSERT INTO "users" VALUES(165,'JOSEPH PAZOS','L817','driver','2026-04-25 14:20:50','ACTIVO','LOGISTICA','','','','20613817','','',NULL,NULL,NULL,NULL,NULL,NULL);
INSERT INTO "users" VALUES(166,'REINALDO GERDEL','L360','driver','2026-04-25 14:20:50','ACTIVO','LOGISTICA','','','','13871360','','',NULL,NULL,NULL,NULL,NULL,NULL);
INSERT INTO "users" VALUES(167,'ENRIQUE DE','L558','driver','2026-04-25 14:20:50','ACTIVO','LOGISTICA','28940','','CATIA','13750558','ALTA VISTA','',NULL,NULL,NULL,NULL,NULL,NULL);
INSERT INTO "users" VALUES(168,'LUIS CASTILLO','L745','driver','2026-04-25 14:20:50','ACTIVO','LOGISTICA','36448','','','29956745','','0412-6143922',NULL,NULL,NULL,NULL,NULL,NULL);
INSERT INTO "users" VALUES(169,'ANTHONY SUAREZ','L116','driver','2026-04-25 14:20:50','ACTIVO','LOGISTICA','','','','','','0412 6024629',NULL,NULL,NULL,NULL,NULL,NULL);
INSERT INTO "users" VALUES(170,'GABRIEL SANCHEZ','L633','driver','2026-04-25 14:20:50','ACTIVO','LOGISTICA','38749','','','31784633','','0412-9317772',NULL,NULL,NULL,NULL,NULL,NULL);
INSERT INTO "users" VALUES(171,'MARIANNY CASTELLANOS','L205','driver','2026-04-25 14:20:50','ACTIVO','LOGISTICA','36292','marianny_12-2009@hotmail.com','EDIF. IBERIA, PISO 5, APTO. 16, ESQ. SAN RAMÓN','27599205','FUERZAS ARMADAS','0424 2188609',NULL,NULL,NULL,NULL,NULL,NULL);
INSERT INTO "users" VALUES(172,'ALEJANDRO AL','L231','driver','2026-04-25 14:20:50','ACTIVO','LOGISTICA','35172','alejandroalmaaz@gmail.com','SABANA GRANDE URB LAS DELICIAS','26466231','SABANA GRANDE','0424 1625395',NULL,NULL,NULL,NULL,NULL,NULL);
INSERT INTO "users" VALUES(173,'JHONYS VELASQUEZ','L147','driver','2026-04-25 14:20:50','ACTIVO','LOGISTICA','37380','johnysjohnys7@gmail.com','PETARE','29935147','SANTA LUCIA','0424-1549682',NULL,NULL,NULL,NULL,NULL,NULL);
INSERT INTO "users" VALUES(174,'ANTHONY ORTEGA','L599','driver','2026-04-25 14:20:50','ACTIVO','LOGISTICA','','','','21183599','','0412-6104665',NULL,NULL,NULL,NULL,NULL,NULL);
INSERT INTO "users" VALUES(175,'YORBY MORANTE','L179','driver','2026-04-25 14:20:50','ACTIVO','LOGISTICA','','','','24759179','','',NULL,NULL,NULL,NULL,NULL,NULL);
INSERT INTO "users" VALUES(176,'KRISTIAN RODRIGO','L669','driver','2026-04-25 14:20:50','ACTIVO','LOGISTICA','','','','18460669','','',NULL,NULL,NULL,NULL,NULL,NULL);
CREATE TABLE vehicles (
  id INTEGER PRIMARY KEY AUTOINCREMENT,
  plate TEXT NOT NULL,
  brand TEXT,
  model TEXT,
  color TEXT,
  status TEXT NOT NULL CHECK(status IN ('pre-registered','checkin','parked','requested','delivering','delivered','pending_retrieval','retrieved')),
  ticket_code TEXT UNIQUE,
  owner_name TEXT,
  owner_phone TEXT,
  owner_id_ref TEXT,
  parking_spot TEXT,
  damage_notes TEXT,
  fee_amount REAL,
  fee_paid INTEGER DEFAULT 0,
  payment_method TEXT,
  valet_in TEXT,
  valet_out TEXT,
  check_in_at TEXT DEFAULT CURRENT_TIMESTAMP,
  check_out_at TEXT,
  session_id INTEGER,
  daily_seq INTEGER,
  retrieval_token TEXT,
  auth_token_1 TEXT,
  auth_token_2 TEXT,
  conformity_signed INTEGER DEFAULT 0,
  created_at TEXT DEFAULT CURRENT_TIMESTAMP,
  FOREIGN KEY(session_id) REFERENCES sessions(id)
);
INSERT INTO "vehicles" VALUES(1000,'ABC1234',NULL,NULL,NULL,'delivered',NULL,NULL,NULL,NULL,NULL,NULL,10,1,NULL,NULL,NULL,'2026-04-25 20:03:16',NULL,101,NULL,NULL,NULL,NULL,0,'2026-04-25 20:03:16');
INSERT INTO "vehicles" VALUES(1001,'XYZ5678',NULL,NULL,NULL,'delivered',NULL,NULL,NULL,NULL,NULL,NULL,15,1,NULL,NULL,NULL,'2026-04-25 20:03:16',NULL,100,NULL,NULL,NULL,NULL,0,'2026-04-25 20:03:16');
CREATE TABLE events (
  id INTEGER PRIMARY KEY AUTOINCREMENT,
  vehicle_id INTEGER NOT NULL,
  user_id INTEGER NOT NULL,
  event_type TEXT NOT NULL CHECK(event_type IN ('checkin','parked','requested','delivering','delivered')),
  key_hook TEXT,
  slot_id INTEGER,
  ts TEXT DEFAULT CURRENT_TIMESTAMP,
  FOREIGN KEY(vehicle_id) REFERENCES vehicles(id),
  FOREIGN KEY(user_id) REFERENCES users(id)
);
INSERT INTO "events" VALUES(1,1000,89,'checkin',NULL,NULL,'2026-04-25 20:03:16');
INSERT INTO "events" VALUES(2,1001,89,'checkin',NULL,NULL,'2026-04-25 20:03:16');
CREATE TABLE photos (
  id INTEGER PRIMARY KEY AUTOINCREMENT,
  vehicle_id INTEGER NOT NULL,
  url TEXT NOT NULL,
  FOREIGN KEY(vehicle_id) REFERENCES vehicles(id)
);
CREATE TABLE slots (
  id INTEGER PRIMARY KEY AUTOINCREMENT,
  zone TEXT NOT NULL,
  number INTEGER NOT NULL,
  is_free INTEGER DEFAULT 1
);
CREATE TABLE messages (
  id INTEGER PRIMARY KEY AUTOINCREMENT,
  vehicle_id INTEGER NOT NULL,
  from_role TEXT NOT NULL,
  to_role TEXT NOT NULL,
  text TEXT NOT NULL,
  ts TEXT DEFAULT CURRENT_TIMESTAMP,
  FOREIGN KEY(vehicle_id) REFERENCES vehicles(id)
);
CREATE TABLE metrics (
  id INTEGER PRIMARY KEY AUTOINCREMENT,
  vehicle_id INTEGER NOT NULL,
  avg_time INTEGER,
  alerts_count INTEGER DEFAULT 0,
  FOREIGN KEY(vehicle_id) REFERENCES vehicles(id)
);
CREATE TABLE reservations (
  id INTEGER PRIMARY KEY AUTOINCREMENT,
  confirm_code TEXT NOT NULL UNIQUE,
  owner_name TEXT NOT NULL,
  owner_phone TEXT NOT NULL,
  plate TEXT,
  brand TEXT,
  model TEXT,
  expected_arrival TEXT NOT NULL,
  notes TEXT,
  status TEXT NOT NULL DEFAULT 'pending' CHECK(status IN ('pending', 'arrived', 'cancelled')),
  created_at TEXT DEFAULT CURRENT_TIMESTAMP
);
CREATE TABLE sessions (
  id INTEGER PRIMARY KEY AUTOINCREMENT,
  name TEXT NOT NULL,
  status TEXT DEFAULT 'planning' CHECK(status IN ('planning', 'active', 'closed')),
  started_at TEXT DEFAULT CURRENT_TIMESTAMP,
  ended_at TEXT
);
INSERT INTO "sessions" VALUES(100,'CUMPLEAÑOS 50 ANIVERSARIO','closed','2026-04-24 20:00:00','2026-04-25 02:00:00');
INSERT INTO "sessions" VALUES(101,'DESAYUNO NETWORKING','closed','2026-04-25 08:00:00','2026-04-25 11:00:00');
CREATE TABLE settings (
  key TEXT PRIMARY KEY,
  value TEXT NOT NULL
);
CREATE TABLE shifts (
  id INTEGER PRIMARY KEY AUTOINCREMENT,
  user_id INTEGER NOT NULL,
  start_at TEXT DEFAULT CURRENT_TIMESTAMP,
  end_at TEXT,
  total_minutes INTEGER,
  status TEXT DEFAULT 'active' CHECK(status IN ('active', 'completed')),
  FOREIGN KEY(user_id) REFERENCES users(id)
);
CREATE TABLE subscriptions (
  user_id INTEGER PRIMARY KEY,
  endpoint TEXT NOT NULL,
  keys_p256dh TEXT NOT NULL,
  keys_auth TEXT NOT NULL,
  FOREIGN KEY(user_id) REFERENCES users(id)
);
CREATE TABLE modules (
  id TEXT PRIMARY KEY,
  display_name TEXT NOT NULL,
  category TEXT NOT NULL CHECK(category IN ('Servicios', 'Operaciones')),
  is_active INTEGER DEFAULT 1
);
INSERT INTO "modules" VALUES('valet','Valet Parking','Servicios',1);
INSERT INTO "modules" VALUES('renta','Renta Equipos','Servicios',1);
INSERT INTO "modules" VALUES('xpress','Xpress Pro','Servicios',1);
INSERT INTO "modules" VALUES('kids','Eye Kids','Servicios',1);
INSERT INTO "modules" VALUES('eventos','Eventos','Operaciones',1);
INSERT INTO "modules" VALUES('listas','Listas','Operaciones',1);
INSERT INTO "modules" VALUES('formatos','Formatos','Operaciones',1);
INSERT INTO "modules" VALUES('admin','Administración','Operaciones',1);
INSERT INTO "modules" VALUES('monitoreo','Monitoreo Real-Time','Operaciones',1);
CREATE TABLE role_permissions (
  role TEXT NOT NULL,
  module_id TEXT NOT NULL,
  can_view INTEGER DEFAULT 1,
  PRIMARY KEY(role, module_id),
  FOREIGN KEY(module_id) REFERENCES modules(id)
);
INSERT INTO "role_permissions" VALUES('driver','valet',1);
INSERT INTO "role_permissions" VALUES('driver','formatos',1);
INSERT INTO "role_permissions" VALUES('logistics','valet',1);
INSERT INTO "role_permissions" VALUES('logistics','formatos',1);
INSERT INTO "role_permissions" VALUES('supervisor','valet',1);
INSERT INTO "role_permissions" VALUES('supervisor','eventos',1);
INSERT INTO "role_permissions" VALUES('supervisor','listas',1);
INSERT INTO "role_permissions" VALUES('supervisor','formatos',1);
INSERT INTO "role_permissions" VALUES('director','valet',1);
INSERT INTO "role_permissions" VALUES('director','renta',1);
INSERT INTO "role_permissions" VALUES('director','xpress',1);
INSERT INTO "role_permissions" VALUES('director','kids',1);
INSERT INTO "role_permissions" VALUES('director','eventos',1);
INSERT INTO "role_permissions" VALUES('director','listas',1);
INSERT INTO "role_permissions" VALUES('director','formatos',1);
INSERT INTO "role_permissions" VALUES('director','admin',1);
INSERT INTO "role_permissions" VALUES('director','monitoreo',1);
INSERT INTO "role_permissions" VALUES('supervisor','monitoreo',1);
CREATE TABLE payroll_rates (
  id INTEGER PRIMARY KEY AUTOINCREMENT,
  role TEXT NOT NULL UNIQUE,
  rate REAL NOT NULL,
  description TEXT
);
INSERT INTO "payroll_rates" VALUES(1,'driver',50,'Pago base por turno de conductor');
INSERT INTO "payroll_rates" VALUES(2,'supervisor',80,'Pago base por turno de supervisor');
INSERT INTO "payroll_rates" VALUES(3,'director',120,'Pago base por turno de director');
INSERT INTO "payroll_rates" VALUES(4,'logistics',50,'Pago base por turno de logística');
CREATE TABLE payroll_submissions (
  id INTEGER PRIMARY KEY AUTOINCREMENT,
  user_id INTEGER NOT NULL,
  session_id INTEGER NOT NULL,
  date TEXT NOT NULL,
  role_at_event TEXT NOT NULL,
  bank_name TEXT,
  bank_account TEXT,
  amount REAL,
  status TEXT DEFAULT 'pending' CHECK(status IN ('pending', 'approved', 'rejected')),
  approved_at TEXT,
  created_at TEXT DEFAULT CURRENT_TIMESTAMP,
  FOREIGN KEY(user_id) REFERENCES users(id),
  FOREIGN KEY(session_id) REFERENCES sessions(id)
);
CREATE TABLE equivalences (
  id INTEGER PRIMARY KEY AUTOINCREMENT,
  category TEXT NOT NULL CHECK(category IN ('brand', 'model', 'color')),
  original_value TEXT NOT NULL,
  standard_value TEXT NOT NULL,
  UNIQUE(category, original_value)
);
INSERT INTO "equivalences" VALUES(1,'brand','TOYO','TOYOTA');
INSERT INTO "equivalences" VALUES(2,'brand','TOYOT','TOYOTA');
INSERT INTO "equivalences" VALUES(3,'brand','FORDD','FORD');
INSERT INTO "equivalences" VALUES(4,'brand','CHEVY','CHEVROLET');
INSERT INTO "equivalences" VALUES(5,'brand','BMW ','BMW');
INSERT INTO "equivalences" VALUES(6,'color','BLANKO','BLANCO');
INSERT INTO "equivalences" VALUES(7,'color','NEGROO','NEGRO');
CREATE TABLE assets (
  id INTEGER PRIMARY KEY AUTOINCREMENT,
  name TEXT NOT NULL,
  type TEXT NOT NULL CHECK(type IN ('equipment', 'vehicle', 'other')),
  status TEXT DEFAULT 'available',
  description TEXT,
  created_at TEXT DEFAULT CURRENT_TIMESTAMP
);
CREATE TABLE locations (
  id INTEGER PRIMARY KEY AUTOINCREMENT,
  entity_id INTEGER NOT NULL,
  entity_type TEXT NOT NULL CHECK(entity_type IN ('staff', 'asset')),
  latitude REAL NOT NULL,
  longitude REAL NOT NULL,
  accuracy REAL,
  ts TEXT DEFAULT CURRENT_TIMESTAMP
);
CREATE TABLE staff_attendance (
      id INTEGER PRIMARY KEY AUTOINCREMENT,
      user_id INTEGER,
      session_id INTEGER,
      type TEXT, -- 'entry', 'exit', 'break_start', 'break_end'
      timestamp DATETIME DEFAULT CURRENT_TIMESTAMP
    );
DELETE FROM sqlite_sequence;
INSERT INTO "sqlite_sequence" VALUES('payroll_rates',12);
INSERT INTO "sqlite_sequence" VALUES('equivalences',14);
INSERT INTO "sqlite_sequence" VALUES('users',176);
INSERT INTO "sqlite_sequence" VALUES('sessions',101);
INSERT INTO "sqlite_sequence" VALUES('vehicles',1001);
INSERT INTO "sqlite_sequence" VALUES('events',2);