PRAGMA defer_foreign_keys=TRUE;
CREATE TABLE usuarios (   id INTEGER PRIMARY KEY,   username TEXT UNIQUE,   pin TEXT,   rol TEXT,   activo INTEGER,   created_at DATETIME DEFAULT CURRENT_TIMESTAMP );
INSERT INTO "usuarios" ("id","username","pin","rol","activo","created_at") VALUES(1,'admin','1234','Administrador',1,'2026-04-21 05:40:10');
CREATE TABLE entradas (   id INTEGER PRIMARY KEY,   placa TEXT UNIQUE,   cliente TEXT,   marca TEXT,   modelo TEXT,   color TEXT,   telefono TEXT,   observaciones TEXT,   usuario_registra TEXT,   hora_entrada DATETIME DEFAULT CURRENT_TIMESTAMP,   fotos JSON );
INSERT INTO "entradas" ("id","placa","cliente","marca","modelo","color","telefono","observaciones","usuario_registra","hora_entrada","fotos") VALUES(1,'ABC-123','NICOLAS BETANCOURT','TOYOTA','AUTANA','AZUL','04142987798','DIRECTOR EYE STAFF','admin','2026-04-21 05:47:47','["https://valet-parking-photos.r2.cdn.com/entradas/ABC-123-1-1776750467089.jpg"]');
INSERT INTO "entradas" ("id","placa","cliente","marca","modelo","color","telefono","observaciones","usuario_registra","hora_entrada","fotos") VALUES(2,'XJG-029','NELSON CARRILLO','FIAT','PREMIO','BLANCO','+34722838789','','admin','2026-04-21 05:49:08','["https://valet-parking-photos.r2.cdn.com/entradas/XJG-029-1-1776750548499.jpg"]');
INSERT INTO "entradas" ("id","placa","cliente","marca","modelo","color","telefono","observaciones","usuario_registra","hora_entrada","fotos") VALUES(3,'XPL-021','ALFONSO CALABRESE','MERCEDES','VAN','NEGRA','+17546669898','','admin','2026-04-21 06:05:32','[]');
INSERT INTO "entradas" ("id","placa","cliente","marca","modelo","color","telefono","observaciones","usuario_registra","hora_entrada","fotos") VALUES(4,'XXX-999','MAIFER BARRUETA','FORD','FOCUS','BLANCO','8889987','','admin','2026-04-21 06:08:35','["/api/fotos/entradas/XXX-999-1-1776751714974.jpg"]');
INSERT INTO "entradas" ("id","placa","cliente","marca","modelo","color","telefono","observaciones","usuario_registra","hora_entrada","fotos") VALUES(5,'XXX-998','PEDRO CASTILLO','FORD','FOCUS','BLANCO','34555555','','admin','2026-04-21 06:27:11','["/api/fotos/entradas/XXX-998-1-1776752831585.jpg"]');
INSERT INTO "entradas" ("id","placa","cliente","marca","modelo","color","telefono","observaciones","usuario_registra","hora_entrada","fotos") VALUES(6,'QQQ-444','ANTONIO','FIAT','BRAVA','AZUL','333333333','','admin','2026-04-21 08:23:06','["/api/fotos/entradas/QQQ-444-1-1776759785940.jpg"]');
CREATE TABLE salidas (   id INTEGER PRIMARY KEY,   placa TEXT,   cliente TEXT,   hora_salida DATETIME,   comentarios TEXT,   precio DECIMAL,   usuario_registra TEXT,   entrada_id INTEGER,   created_at DATETIME DEFAULT CURRENT_TIMESTAMP );
INSERT INTO "salidas" ("id","placa","cliente","hora_salida","comentarios","precio","usuario_registra","entrada_id","created_at") VALUES(1,'XXX-999','MAIFER BARRUETA','2026-04-21T06:20:00.892Z','Retira la chofer',20,'admin',4,'2026-04-21 06:20:01');
INSERT INTO "salidas" ("id","placa","cliente","hora_salida","comentarios","precio","usuario_registra","entrada_id","created_at") VALUES(2,'XPL-021','ALFONSO CALABRESE','2026-04-21T08:23:37.784Z','',50,'admin',3,'2026-04-21 08:23:38');
CREATE TABLE users (
  id INTEGER PRIMARY KEY AUTOINCREMENT,
  name TEXT NOT NULL,
  pin_hash TEXT NOT NULL,
  role TEXT NOT NULL CHECK(role IN ('driver','supervisor','director')),
  created_at TEXT DEFAULT CURRENT_TIMESTAMP
, cedula TEXT, sector TEXT, phone TEXT, emergency_contact TEXT, emergency_phone TEXT, is_allergic TEXT);
INSERT INTO "users" ("id","name","pin_hash","role","created_at","cedula","sector","phone","emergency_contact","emergency_phone","is_allergic") VALUES(1,'Gonzalez V., Billy','C001','director','2026-04-22 19:25:34',NULL,NULL,NULL,NULL,NULL,NULL);
INSERT INTO "users" ("id","name","pin_hash","role","created_at","cedula","sector","phone","emergency_contact","emergency_phone","is_allergic") VALUES(2,'Ramos B., José Gregorio','C002','director','2026-04-22 19:25:34',NULL,NULL,NULL,NULL,NULL,NULL);
INSERT INTO "users" ("id","name","pin_hash","role","created_at","cedula","sector","phone","emergency_contact","emergency_phone","is_allergic") VALUES(3,'Quintero F., Richard A.','C003','director','2026-04-22 19:25:34',NULL,NULL,NULL,NULL,NULL,NULL);
INSERT INTO "users" ("id","name","pin_hash","role","created_at","cedula","sector","phone","emergency_contact","emergency_phone","is_allergic") VALUES(4,'Tinoco F., Gladys S.','S001','supervisor','2026-04-22 19:25:34',NULL,NULL,NULL,NULL,NULL,NULL);
INSERT INTO "users" ("id","name","pin_hash","role","created_at","cedula","sector","phone","emergency_contact","emergency_phone","is_allergic") VALUES(5,'Ortiz S., Gustavo A.','S002','supervisor','2026-04-22 19:25:34',NULL,NULL,NULL,NULL,NULL,NULL);
INSERT INTO "users" ("id","name","pin_hash","role","created_at","cedula","sector","phone","emergency_contact","emergency_phone","is_allergic") VALUES(6,'Pimental V., José de los S.','P001','supervisor','2026-04-22 19:25:34',NULL,NULL,NULL,NULL,NULL,NULL);
INSERT INTO "users" ("id","name","pin_hash","role","created_at","cedula","sector","phone","emergency_contact","emergency_phone","is_allergic") VALUES(7,'Puertas S., Nicolas E.','P002','supervisor','2026-04-22 19:25:34',NULL,NULL,NULL,NULL,NULL,NULL);
INSERT INTO "users" ("id","name","pin_hash","role","created_at","cedula","sector","phone","emergency_contact","emergency_phone","is_allergic") VALUES(8,'Almarza, Maria J.','P003','supervisor','2026-04-22 19:25:34',NULL,NULL,NULL,NULL,NULL,NULL);
INSERT INTO "users" ("id","name","pin_hash","role","created_at","cedula","sector","phone","emergency_contact","emergency_phone","is_allergic") VALUES(9,'León F., Javier E.','B011','supervisor','2026-04-22 19:25:34',NULL,NULL,NULL,NULL,NULL,NULL);
INSERT INTO "users" ("id","name","pin_hash","role","created_at","cedula","sector","phone","emergency_contact","emergency_phone","is_allergic") VALUES(10,'Caraballo V., Jefferson R.','B012','supervisor','2026-04-22 19:25:34',NULL,NULL,NULL,NULL,NULL,NULL);
INSERT INTO "users" ("id","name","pin_hash","role","created_at","cedula","sector","phone","emergency_contact","emergency_phone","is_allergic") VALUES(11,'Ramos B., Jesús D.','B013','supervisor','2026-04-22 19:25:43',NULL,NULL,NULL,NULL,NULL,NULL);
INSERT INTO "users" ("id","name","pin_hash","role","created_at","cedula","sector","phone","emergency_contact","emergency_phone","is_allergic") VALUES(12,'Gil S., Mario R.','B014','supervisor','2026-04-22 19:25:43',NULL,NULL,NULL,NULL,NULL,NULL);
INSERT INTO "users" ("id","name","pin_hash","role","created_at","cedula","sector","phone","emergency_contact","emergency_phone","is_allergic") VALUES(13,'Flores D., Carla S.','B015','supervisor','2026-04-22 19:25:43',NULL,NULL,NULL,NULL,NULL,NULL);
INSERT INTO "users" ("id","name","pin_hash","role","created_at","cedula","sector","phone","emergency_contact","emergency_phone","is_allergic") VALUES(14,'Gonzalez D., Jorman R.','B016','supervisor','2026-04-22 19:25:43',NULL,NULL,NULL,NULL,NULL,NULL);
INSERT INTO "users" ("id","name","pin_hash","role","created_at","cedula","sector","phone","emergency_contact","emergency_phone","is_allergic") VALUES(15,'Mendoza, Moises','L075','supervisor','2026-04-22 19:25:43',NULL,NULL,NULL,NULL,NULL,NULL);
INSERT INTO "users" ("id","name","pin_hash","role","created_at","cedula","sector","phone","emergency_contact","emergency_phone","is_allergic") VALUES(16,'Lopez R., Alvaro J.','B026','supervisor','2026-04-22 19:25:43',NULL,NULL,NULL,NULL,NULL,NULL);
INSERT INTO "users" ("id","name","pin_hash","role","created_at","cedula","sector","phone","emergency_contact","emergency_phone","is_allergic") VALUES(17,'Seijas A., Yerley K.','B027','supervisor','2026-04-22 19:25:43',NULL,NULL,NULL,NULL,NULL,NULL);
INSERT INTO "users" ("id","name","pin_hash","role","created_at","cedula","sector","phone","emergency_contact","emergency_phone","is_allergic") VALUES(18,'Rodriguez G., Ricardo E.','B028','supervisor','2026-04-22 19:25:43',NULL,NULL,NULL,NULL,NULL,NULL);
INSERT INTO "users" ("id","name","pin_hash","role","created_at","cedula","sector","phone","emergency_contact","emergency_phone","is_allergic") VALUES(19,'Malcom B., José Miguel','B030','supervisor','2026-04-22 19:25:43',NULL,NULL,NULL,NULL,NULL,NULL);
INSERT INTO "users" ("id","name","pin_hash","role","created_at","cedula","sector","phone","emergency_contact","emergency_phone","is_allergic") VALUES(20,'Franco G., Franklin J.','B031','supervisor','2026-04-22 19:25:43',NULL,NULL,NULL,NULL,NULL,NULL);
INSERT INTO "users" ("id","name","pin_hash","role","created_at","cedula","sector","phone","emergency_contact","emergency_phone","is_allergic") VALUES(21,'Gonzalez V., Billy','C001','director','2026-04-22 19:59:19',NULL,NULL,NULL,NULL,NULL,NULL);
INSERT INTO "users" ("id","name","pin_hash","role","created_at","cedula","sector","phone","emergency_contact","emergency_phone","is_allergic") VALUES(22,'Ramos B., José Gregorio','C002','director','2026-04-22 19:59:19',NULL,NULL,NULL,NULL,NULL,NULL);
INSERT INTO "users" ("id","name","pin_hash","role","created_at","cedula","sector","phone","emergency_contact","emergency_phone","is_allergic") VALUES(23,'Quintero F., Richard A.','C003','director','2026-04-22 19:59:19',NULL,NULL,NULL,NULL,NULL,NULL);
INSERT INTO "users" ("id","name","pin_hash","role","created_at","cedula","sector","phone","emergency_contact","emergency_phone","is_allergic") VALUES(24,'Tinoco F., Gladys S.','S001','supervisor','2026-04-22 19:59:19',NULL,NULL,NULL,NULL,NULL,NULL);
INSERT INTO "users" ("id","name","pin_hash","role","created_at","cedula","sector","phone","emergency_contact","emergency_phone","is_allergic") VALUES(25,'Ortiz S., Gustavo A.','S002','supervisor','2026-04-22 19:59:19',NULL,NULL,NULL,NULL,NULL,NULL);
INSERT INTO "users" ("id","name","pin_hash","role","created_at","cedula","sector","phone","emergency_contact","emergency_phone","is_allergic") VALUES(26,'Pimental V., José de los S.','P001','supervisor','2026-04-22 19:59:19',NULL,NULL,NULL,NULL,NULL,NULL);
INSERT INTO "users" ("id","name","pin_hash","role","created_at","cedula","sector","phone","emergency_contact","emergency_phone","is_allergic") VALUES(27,'Puertas S., Nicolas E.','P002','supervisor','2026-04-22 19:59:19',NULL,NULL,NULL,NULL,NULL,NULL);
INSERT INTO "users" ("id","name","pin_hash","role","created_at","cedula","sector","phone","emergency_contact","emergency_phone","is_allergic") VALUES(28,'Almarza, Maria J.','P003','supervisor','2026-04-22 19:59:19',NULL,NULL,NULL,NULL,NULL,NULL);
INSERT INTO "users" ("id","name","pin_hash","role","created_at","cedula","sector","phone","emergency_contact","emergency_phone","is_allergic") VALUES(29,'León F., Javier E.','B011','supervisor','2026-04-22 19:59:19',NULL,NULL,NULL,NULL,NULL,NULL);
INSERT INTO "users" ("id","name","pin_hash","role","created_at","cedula","sector","phone","emergency_contact","emergency_phone","is_allergic") VALUES(30,'Caraballo V., Jefferson R.','B012','supervisor','2026-04-22 19:59:19',NULL,NULL,NULL,NULL,NULL,NULL);
INSERT INTO "users" ("id","name","pin_hash","role","created_at","cedula","sector","phone","emergency_contact","emergency_phone","is_allergic") VALUES(31,'Ramos B., Jesús D.','B013','supervisor','2026-04-22 19:59:19',NULL,NULL,NULL,NULL,NULL,NULL);
INSERT INTO "users" ("id","name","pin_hash","role","created_at","cedula","sector","phone","emergency_contact","emergency_phone","is_allergic") VALUES(32,'Gil S., Mario R.','B014','supervisor','2026-04-22 19:59:19',NULL,NULL,NULL,NULL,NULL,NULL);
INSERT INTO "users" ("id","name","pin_hash","role","created_at","cedula","sector","phone","emergency_contact","emergency_phone","is_allergic") VALUES(33,'Flores D., Carla S.','B015','supervisor','2026-04-22 19:59:19',NULL,NULL,NULL,NULL,NULL,NULL);
INSERT INTO "users" ("id","name","pin_hash","role","created_at","cedula","sector","phone","emergency_contact","emergency_phone","is_allergic") VALUES(34,'Gonzalez D., Jorman R.','B016','supervisor','2026-04-22 19:59:19',NULL,NULL,NULL,NULL,NULL,NULL);
INSERT INTO "users" ("id","name","pin_hash","role","created_at","cedula","sector","phone","emergency_contact","emergency_phone","is_allergic") VALUES(35,'Mendoza, Moises','L075','supervisor','2026-04-22 19:59:19',NULL,NULL,NULL,NULL,NULL,NULL);
INSERT INTO "users" ("id","name","pin_hash","role","created_at","cedula","sector","phone","emergency_contact","emergency_phone","is_allergic") VALUES(36,'Lopez R., Alvaro J.','B026','supervisor','2026-04-22 19:59:19',NULL,NULL,NULL,NULL,NULL,NULL);
INSERT INTO "users" ("id","name","pin_hash","role","created_at","cedula","sector","phone","emergency_contact","emergency_phone","is_allergic") VALUES(37,'Seijas A., Yerley K.','B027','supervisor','2026-04-22 19:59:19',NULL,NULL,NULL,NULL,NULL,NULL);
INSERT INTO "users" ("id","name","pin_hash","role","created_at","cedula","sector","phone","emergency_contact","emergency_phone","is_allergic") VALUES(38,'Rodriguez G., Ricardo E.','B028','supervisor','2026-04-22 19:59:19',NULL,NULL,NULL,NULL,NULL,NULL);
INSERT INTO "users" ("id","name","pin_hash","role","created_at","cedula","sector","phone","emergency_contact","emergency_phone","is_allergic") VALUES(39,'Malcom B., José Miguel','B030','supervisor','2026-04-22 19:59:19',NULL,NULL,NULL,NULL,NULL,NULL);
INSERT INTO "users" ("id","name","pin_hash","role","created_at","cedula","sector","phone","emergency_contact","emergency_phone","is_allergic") VALUES(40,'Franco G., Franklin J.','B031','supervisor','2026-04-22 19:59:19',NULL,NULL,NULL,NULL,NULL,NULL);
INSERT INTO "users" ("id","name","pin_hash","role","created_at","cedula","sector","phone","emergency_contact","emergency_phone","is_allergic") VALUES(41,'Franco F., Freymar de Jesú','B032','supervisor','2026-04-22 19:59:19',NULL,NULL,NULL,NULL,NULL,NULL);
INSERT INTO "users" ("id","name","pin_hash","role","created_at","cedula","sector","phone","emergency_contact","emergency_phone","is_allergic") VALUES(42,'Musso P., Leonardo F.','B033','supervisor','2026-04-22 19:59:19',NULL,NULL,NULL,NULL,NULL,NULL);
INSERT INTO "users" ("id","name","pin_hash","role","created_at","cedula","sector","phone","emergency_contact","emergency_phone","is_allergic") VALUES(43,'Ortega G., Miguel M.','B041','supervisor','2026-04-22 19:59:19',NULL,NULL,NULL,NULL,NULL,NULL);
INSERT INTO "users" ("id","name","pin_hash","role","created_at","cedula","sector","phone","emergency_contact","emergency_phone","is_allergic") VALUES(44,'Falcon C., Daniela del C.','B042','supervisor','2026-04-22 19:59:19',NULL,NULL,NULL,NULL,NULL,NULL);
INSERT INTO "users" ("id","name","pin_hash","role","created_at","cedula","sector","phone","emergency_contact","emergency_phone","is_allergic") VALUES(45,'Arias C., Elianis S.','B043','supervisor','2026-04-22 19:59:19',NULL,NULL,NULL,NULL,NULL,NULL);
INSERT INTO "users" ("id","name","pin_hash","role","created_at","cedula","sector","phone","emergency_contact","emergency_phone","is_allergic") VALUES(46,'Tinoco F., Johan J.','B044','supervisor','2026-04-22 19:59:19',NULL,NULL,NULL,NULL,NULL,NULL);
INSERT INTO "users" ("id","name","pin_hash","role","created_at","cedula","sector","phone","emergency_contact","emergency_phone","is_allergic") VALUES(47,'Chapano T., Anthony A.','B045','supervisor','2026-04-22 19:59:19',NULL,NULL,NULL,NULL,NULL,NULL);
INSERT INTO "users" ("id","name","pin_hash","role","created_at","cedula","sector","phone","emergency_contact","emergency_phone","is_allergic") VALUES(48,'Martinez H., Douglas R.','B046','supervisor','2026-04-22 19:59:19',NULL,NULL,NULL,NULL,NULL,NULL);
INSERT INTO "users" ("id","name","pin_hash","role","created_at","cedula","sector","phone","emergency_contact","emergency_phone","is_allergic") VALUES(49,'Burgos, Wilmer F.','B047','supervisor','2026-04-22 19:59:19',NULL,NULL,NULL,NULL,NULL,NULL);
INSERT INTO "users" ("id","name","pin_hash","role","created_at","cedula","sector","phone","emergency_contact","emergency_phone","is_allergic") VALUES(50,'Contreras B., Steven C.','B048','supervisor','2026-04-22 19:59:19',NULL,NULL,NULL,NULL,NULL,NULL);
INSERT INTO "users" ("id","name","pin_hash","role","created_at","cedula","sector","phone","emergency_contact","emergency_phone","is_allergic") VALUES(51,'Guevara B., Luis Jose','L001','driver','2026-04-22 19:59:19',NULL,NULL,NULL,NULL,NULL,NULL);
INSERT INTO "users" ("id","name","pin_hash","role","created_at","cedula","sector","phone","emergency_contact","emergency_phone","is_allergic") VALUES(52,'Echenique P., Wisorman','L002','driver','2026-04-22 19:59:19',NULL,NULL,NULL,NULL,NULL,NULL);
INSERT INTO "users" ("id","name","pin_hash","role","created_at","cedula","sector","phone","emergency_contact","emergency_phone","is_allergic") VALUES(53,'Rivas M., Elvis D.','L003','driver','2026-04-22 19:59:19',NULL,NULL,NULL,NULL,NULL,NULL);
INSERT INTO "users" ("id","name","pin_hash","role","created_at","cedula","sector","phone","emergency_contact","emergency_phone","is_allergic") VALUES(54,'Muñoz, Alberth J.','L004','driver','2026-04-22 19:59:19',NULL,NULL,NULL,NULL,NULL,NULL);
INSERT INTO "users" ("id","name","pin_hash","role","created_at","cedula","sector","phone","emergency_contact","emergency_phone","is_allergic") VALUES(55,'Salazar S., Luis Manuel','L005','driver','2026-04-22 19:59:19',NULL,NULL,NULL,NULL,NULL,NULL);
INSERT INTO "users" ("id","name","pin_hash","role","created_at","cedula","sector","phone","emergency_contact","emergency_phone","is_allergic") VALUES(56,'Huezo G., Maifer A.','L006','driver','2026-04-22 19:59:19',NULL,NULL,NULL,NULL,NULL,NULL);
INSERT INTO "users" ("id","name","pin_hash","role","created_at","cedula","sector","phone","emergency_contact","emergency_phone","is_allergic") VALUES(57,'Marcano S., Jhonny E.','L007','driver','2026-04-22 19:59:19',NULL,NULL,NULL,NULL,NULL,NULL);
INSERT INTO "users" ("id","name","pin_hash","role","created_at","cedula","sector","phone","emergency_contact","emergency_phone","is_allergic") VALUES(58,'Rada A., Rony M.','L008','driver','2026-04-22 19:59:19',NULL,NULL,NULL,NULL,NULL,NULL);
INSERT INTO "users" ("id","name","pin_hash","role","created_at","cedula","sector","phone","emergency_contact","emergency_phone","is_allergic") VALUES(59,'Abella F., Jose R.','L009','driver','2026-04-22 19:59:19',NULL,NULL,NULL,NULL,NULL,NULL);
INSERT INTO "users" ("id","name","pin_hash","role","created_at","cedula","sector","phone","emergency_contact","emergency_phone","is_allergic") VALUES(60,'Rodriguez O., Neudal D.','L010','driver','2026-04-22 19:59:19',NULL,NULL,NULL,NULL,NULL,NULL);
INSERT INTO "users" ("id","name","pin_hash","role","created_at","cedula","sector","phone","emergency_contact","emergency_phone","is_allergic") VALUES(61,'Lombano Q., Nelson E.','L011','driver','2026-04-22 19:59:19',NULL,NULL,NULL,NULL,NULL,NULL);
INSERT INTO "users" ("id","name","pin_hash","role","created_at","cedula","sector","phone","emergency_contact","emergency_phone","is_allergic") VALUES(62,'Vivas C., Yerlusa R.','L012','driver','2026-04-22 19:59:19',NULL,NULL,NULL,NULL,NULL,NULL);
INSERT INTO "users" ("id","name","pin_hash","role","created_at","cedula","sector","phone","emergency_contact","emergency_phone","is_allergic") VALUES(63,'Hernandez R., Victor J.','L013','driver','2026-04-22 19:59:19',NULL,NULL,NULL,NULL,NULL,NULL);
INSERT INTO "users" ("id","name","pin_hash","role","created_at","cedula","sector","phone","emergency_contact","emergency_phone","is_allergic") VALUES(64,'Muñoz, Maria Cristely','L014','driver','2026-04-22 19:59:19',NULL,NULL,NULL,NULL,NULL,NULL);
INSERT INTO "users" ("id","name","pin_hash","role","created_at","cedula","sector","phone","emergency_contact","emergency_phone","is_allergic") VALUES(65,'Perdomo V., Yaniela del C','L015','driver','2026-04-22 19:59:19',NULL,NULL,NULL,NULL,NULL,NULL);
INSERT INTO "users" ("id","name","pin_hash","role","created_at","cedula","sector","phone","emergency_contact","emergency_phone","is_allergic") VALUES(66,'Hung G., Samuel A.','L016','driver','2026-04-22 19:59:19',NULL,NULL,NULL,NULL,NULL,NULL);
INSERT INTO "users" ("id","name","pin_hash","role","created_at","cedula","sector","phone","emergency_contact","emergency_phone","is_allergic") VALUES(67,'Clemente G., Jesús Alejan','L017','driver','2026-04-22 19:59:19',NULL,NULL,NULL,NULL,NULL,NULL);
INSERT INTO "users" ("id","name","pin_hash","role","created_at","cedula","sector","phone","emergency_contact","emergency_phone","is_allergic") VALUES(68,'Meza, Maria I.','L018','driver','2026-04-22 19:59:19',NULL,NULL,NULL,NULL,NULL,NULL);
INSERT INTO "users" ("id","name","pin_hash","role","created_at","cedula","sector","phone","emergency_contact","emergency_phone","is_allergic") VALUES(69,'Briceño B., Hector J.','L019','driver','2026-04-22 19:59:19',NULL,NULL,NULL,NULL,NULL,NULL);
INSERT INTO "users" ("id","name","pin_hash","role","created_at","cedula","sector","phone","emergency_contact","emergency_phone","is_allergic") VALUES(70,'Gonzalez G., Ana D.','L020','driver','2026-04-22 19:59:19',NULL,NULL,NULL,NULL,NULL,NULL);
INSERT INTO "users" ("id","name","pin_hash","role","created_at","cedula","sector","phone","emergency_contact","emergency_phone","is_allergic") VALUES(71,'Pimentel P. Jonathan A.','L021','driver','2026-04-22 19:59:34',NULL,NULL,NULL,NULL,NULL,NULL);
INSERT INTO "users" ("id","name","pin_hash","role","created_at","cedula","sector","phone","emergency_contact","emergency_phone","is_allergic") VALUES(72,'Noguera R., Luis L.','L022','driver','2026-04-22 19:59:34',NULL,NULL,NULL,NULL,NULL,NULL);
INSERT INTO "users" ("id","name","pin_hash","role","created_at","cedula","sector","phone","emergency_contact","emergency_phone","is_allergic") VALUES(73,'Herrera M., Franklin J.','L023','driver','2026-04-22 19:59:34',NULL,NULL,NULL,NULL,NULL,NULL);
INSERT INTO "users" ("id","name","pin_hash","role","created_at","cedula","sector","phone","emergency_contact","emergency_phone","is_allergic") VALUES(74,'Tovar C. Renán E.','L024','driver','2026-04-22 19:59:34',NULL,NULL,NULL,NULL,NULL,NULL);
INSERT INTO "users" ("id","name","pin_hash","role","created_at","cedula","sector","phone","emergency_contact","emergency_phone","is_allergic") VALUES(75,'Caballero L. Nikol A.','L025','driver','2026-04-22 19:59:34',NULL,NULL,NULL,NULL,NULL,NULL);
INSERT INTO "users" ("id","name","pin_hash","role","created_at","cedula","sector","phone","emergency_contact","emergency_phone","is_allergic") VALUES(76,'Soto M., Edgardo J.','L027','driver','2026-04-22 19:59:34',NULL,NULL,NULL,NULL,NULL,NULL);
INSERT INTO "users" ("id","name","pin_hash","role","created_at","cedula","sector","phone","emergency_contact","emergency_phone","is_allergic") VALUES(77,'Gonzalez F. Giusi I.','L028','driver','2026-04-22 19:59:34',NULL,NULL,NULL,NULL,NULL,NULL);
INSERT INTO "users" ("id","name","pin_hash","role","created_at","cedula","sector","phone","emergency_contact","emergency_phone","is_allergic") VALUES(78,'Rodriguez R., Wildrem D.','L029','driver','2026-04-22 19:59:34',NULL,NULL,NULL,NULL,NULL,NULL);
INSERT INTO "users" ("id","name","pin_hash","role","created_at","cedula","sector","phone","emergency_contact","emergency_phone","is_allergic") VALUES(79,'Seijas P., Algeni J.','L030','driver','2026-04-22 19:59:34',NULL,NULL,NULL,NULL,NULL,NULL);
INSERT INTO "users" ("id","name","pin_hash","role","created_at","cedula","sector","phone","emergency_contact","emergency_phone","is_allergic") VALUES(80,'Garcia M., Yudvel C.','L031','driver','2026-04-22 19:59:34',NULL,NULL,NULL,NULL,NULL,NULL);
INSERT INTO "users" ("id","name","pin_hash","role","created_at","cedula","sector","phone","emergency_contact","emergency_phone","is_allergic") VALUES(81,'Vielma R., Edvin A.','L032','driver','2026-04-22 19:59:34',NULL,NULL,NULL,NULL,NULL,NULL);
INSERT INTO "users" ("id","name","pin_hash","role","created_at","cedula","sector","phone","emergency_contact","emergency_phone","is_allergic") VALUES(82,'Marcano R., Lainny J.','L033','driver','2026-04-22 19:59:34',NULL,NULL,NULL,NULL,NULL,NULL);
INSERT INTO "users" ("id","name","pin_hash","role","created_at","cedula","sector","phone","emergency_contact","emergency_phone","is_allergic") VALUES(83,'Vizcaíno M., Angela S.','L034','driver','2026-04-22 19:59:34',NULL,NULL,NULL,NULL,NULL,NULL);
INSERT INTO "users" ("id","name","pin_hash","role","created_at","cedula","sector","phone","emergency_contact","emergency_phone","is_allergic") VALUES(84,'Puertas L., Lausmar D.','L035','driver','2026-04-22 19:59:34',NULL,NULL,NULL,NULL,NULL,NULL);
INSERT INTO "users" ("id","name","pin_hash","role","created_at","cedula","sector","phone","emergency_contact","emergency_phone","is_allergic") VALUES(85,'Gonzalez D., Jesus David','L036','driver','2026-04-22 19:59:34',NULL,NULL,NULL,NULL,NULL,NULL);
INSERT INTO "users" ("id","name","pin_hash","role","created_at","cedula","sector","phone","emergency_contact","emergency_phone","is_allergic") VALUES(86,'Viera M., Antonio J.','L037','driver','2026-04-22 19:59:34',NULL,NULL,NULL,NULL,NULL,NULL);
INSERT INTO "users" ("id","name","pin_hash","role","created_at","cedula","sector","phone","emergency_contact","emergency_phone","is_allergic") VALUES(87,'Lopez J., Angel S.','L038','driver','2026-04-22 19:59:34',NULL,NULL,NULL,NULL,NULL,NULL);
INSERT INTO "users" ("id","name","pin_hash","role","created_at","cedula","sector","phone","emergency_contact","emergency_phone","is_allergic") VALUES(88,'Urbina D., Anthony J.','L039','driver','2026-04-22 19:59:34',NULL,NULL,NULL,NULL,NULL,NULL);
INSERT INTO "users" ("id","name","pin_hash","role","created_at","cedula","sector","phone","emergency_contact","emergency_phone","is_allergic") VALUES(89,'Marcano P., Jhonny E.','L040','driver','2026-04-22 19:59:34',NULL,NULL,NULL,NULL,NULL,NULL);
INSERT INTO "users" ("id","name","pin_hash","role","created_at","cedula","sector","phone","emergency_contact","emergency_phone","is_allergic") VALUES(90,'Guerrero V. Javier J.','L041','driver','2026-04-22 19:59:34',NULL,NULL,NULL,NULL,NULL,NULL);
INSERT INTO "users" ("id","name","pin_hash","role","created_at","cedula","sector","phone","emergency_contact","emergency_phone","is_allergic") VALUES(91,'Hernandez G., Jesus S.','L042','driver','2026-04-22 19:59:34',NULL,NULL,NULL,NULL,NULL,NULL);
INSERT INTO "users" ("id","name","pin_hash","role","created_at","cedula","sector","phone","emergency_contact","emergency_phone","is_allergic") VALUES(92,'Salazar, Gerardo','L043','driver','2026-04-22 19:59:34',NULL,NULL,NULL,NULL,NULL,NULL);
INSERT INTO "users" ("id","name","pin_hash","role","created_at","cedula","sector","phone","emergency_contact","emergency_phone","is_allergic") VALUES(93,'Lyon S., Jose V.','L044','driver','2026-04-22 19:59:34',NULL,NULL,NULL,NULL,NULL,NULL);
INSERT INTO "users" ("id","name","pin_hash","role","created_at","cedula","sector","phone","emergency_contact","emergency_phone","is_allergic") VALUES(94,'Suarez C., Yusbeli M.','L045','driver','2026-04-22 19:59:34',NULL,NULL,NULL,NULL,NULL,NULL);
INSERT INTO "users" ("id","name","pin_hash","role","created_at","cedula","sector","phone","emergency_contact","emergency_phone","is_allergic") VALUES(95,'Gonzalez M., Leonel A.','L046','driver','2026-04-22 19:59:34',NULL,NULL,NULL,NULL,NULL,NULL);
INSERT INTO "users" ("id","name","pin_hash","role","created_at","cedula","sector","phone","emergency_contact","emergency_phone","is_allergic") VALUES(96,'Avila S., Adrian A.','L047','driver','2026-04-22 19:59:34',NULL,NULL,NULL,NULL,NULL,NULL);
INSERT INTO "users" ("id","name","pin_hash","role","created_at","cedula","sector","phone","emergency_contact","emergency_phone","is_allergic") VALUES(97,'Ramos M., David A.','L048','driver','2026-04-22 19:59:34',NULL,NULL,NULL,NULL,NULL,NULL);
INSERT INTO "users" ("id","name","pin_hash","role","created_at","cedula","sector","phone","emergency_contact","emergency_phone","is_allergic") VALUES(98,'Martinez A., Jose F.','L049','driver','2026-04-22 19:59:34',NULL,NULL,NULL,NULL,NULL,NULL);
INSERT INTO "users" ("id","name","pin_hash","role","created_at","cedula","sector","phone","emergency_contact","emergency_phone","is_allergic") VALUES(99,'Salazar T., Daniel A.','L050','driver','2026-04-22 19:59:34',NULL,NULL,NULL,NULL,NULL,NULL);
INSERT INTO "users" ("id","name","pin_hash","role","created_at","cedula","sector","phone","emergency_contact","emergency_phone","is_allergic") VALUES(100,'Bastardo M. Eduardo A.','L051','driver','2026-04-22 19:59:34',NULL,NULL,NULL,NULL,NULL,NULL);
INSERT INTO "users" ("id","name","pin_hash","role","created_at","cedula","sector","phone","emergency_contact","emergency_phone","is_allergic") VALUES(101,'Rodriguez B., Fabio A.','L052','driver','2026-04-22 19:59:34',NULL,NULL,NULL,NULL,NULL,NULL);
INSERT INTO "users" ("id","name","pin_hash","role","created_at","cedula","sector","phone","emergency_contact","emergency_phone","is_allergic") VALUES(102,'Alvarez C. Deivis G.','L053','driver','2026-04-22 19:59:34',NULL,NULL,NULL,NULL,NULL,NULL);
INSERT INTO "users" ("id","name","pin_hash","role","created_at","cedula","sector","phone","emergency_contact","emergency_phone","is_allergic") VALUES(103,'Rodriguez R. Jonathan D.','L054','driver','2026-04-22 19:59:34',NULL,NULL,NULL,NULL,NULL,NULL);
INSERT INTO "users" ("id","name","pin_hash","role","created_at","cedula","sector","phone","emergency_contact","emergency_phone","is_allergic") VALUES(104,'Toussaint, Jorge','L055','driver','2026-04-22 19:59:34',NULL,NULL,NULL,NULL,NULL,NULL);
INSERT INTO "users" ("id","name","pin_hash","role","created_at","cedula","sector","phone","emergency_contact","emergency_phone","is_allergic") VALUES(105,'Rodriguez B., Henry A.','L056','driver','2026-04-22 19:59:34',NULL,NULL,NULL,NULL,NULL,NULL);
INSERT INTO "users" ("id","name","pin_hash","role","created_at","cedula","sector","phone","emergency_contact","emergency_phone","is_allergic") VALUES(106,'Henriquez, Luis F.','L057','driver','2026-04-22 19:59:34',NULL,NULL,NULL,NULL,NULL,NULL);
INSERT INTO "users" ("id","name","pin_hash","role","created_at","cedula","sector","phone","emergency_contact","emergency_phone","is_allergic") VALUES(107,'Vitta L. Jomaner L.','L058','driver','2026-04-22 19:59:34',NULL,NULL,NULL,NULL,NULL,NULL);
INSERT INTO "users" ("id","name","pin_hash","role","created_at","cedula","sector","phone","emergency_contact","emergency_phone","is_allergic") VALUES(108,'Hernandez R., Jorman J.','L059','driver','2026-04-22 19:59:34',NULL,NULL,NULL,NULL,NULL,NULL);
INSERT INTO "users" ("id","name","pin_hash","role","created_at","cedula","sector","phone","emergency_contact","emergency_phone","is_allergic") VALUES(109,'Armas A., Maikol A.','L060','driver','2026-04-22 19:59:34',NULL,NULL,NULL,NULL,NULL,NULL);
INSERT INTO "users" ("id","name","pin_hash","role","created_at","cedula","sector","phone","emergency_contact","emergency_phone","is_allergic") VALUES(110,'Narváez C., Wilmer R.','L061','driver','2026-04-22 19:59:34',NULL,NULL,NULL,NULL,NULL,NULL);
INSERT INTO "users" ("id","name","pin_hash","role","created_at","cedula","sector","phone","emergency_contact","emergency_phone","is_allergic") VALUES(111,'Armas S., Bryan M.','L062','driver','2026-04-22 19:59:34',NULL,NULL,NULL,NULL,NULL,NULL);
INSERT INTO "users" ("id","name","pin_hash","role","created_at","cedula","sector","phone","emergency_contact","emergency_phone","is_allergic") VALUES(112,'Gonzalez, Roaxel','L063','driver','2026-04-22 19:59:34',NULL,NULL,NULL,NULL,NULL,NULL);
INSERT INTO "users" ("id","name","pin_hash","role","created_at","cedula","sector","phone","emergency_contact","emergency_phone","is_allergic") VALUES(113,'Hernandez C., Ricardo E.','L064','driver','2026-04-22 19:59:34',NULL,NULL,NULL,NULL,NULL,NULL);
INSERT INTO "users" ("id","name","pin_hash","role","created_at","cedula","sector","phone","emergency_contact","emergency_phone","is_allergic") VALUES(114,'Romero, Angel A.','L065','driver','2026-04-22 19:59:34',NULL,NULL,NULL,NULL,NULL,NULL);
INSERT INTO "users" ("id","name","pin_hash","role","created_at","cedula","sector","phone","emergency_contact","emergency_phone","is_allergic") VALUES(115,'Romo, Luis','L066','driver','2026-04-22 19:59:34',NULL,NULL,NULL,NULL,NULL,NULL);
INSERT INTO "users" ("id","name","pin_hash","role","created_at","cedula","sector","phone","emergency_contact","emergency_phone","is_allergic") VALUES(116,'Uzcategui P., Diego F.','L067','driver','2026-04-22 19:59:34',NULL,NULL,NULL,NULL,NULL,NULL);
INSERT INTO "users" ("id","name","pin_hash","role","created_at","cedula","sector","phone","emergency_contact","emergency_phone","is_allergic") VALUES(117,'Vasquez T., Victor J.','L068','driver','2026-04-22 19:59:34',NULL,NULL,NULL,NULL,NULL,NULL);
INSERT INTO "users" ("id","name","pin_hash","role","created_at","cedula","sector","phone","emergency_contact","emergency_phone","is_allergic") VALUES(118,'Barrios M., Alejandro J.','L069','driver','2026-04-22 19:59:34',NULL,NULL,NULL,NULL,NULL,NULL);
INSERT INTO "users" ("id","name","pin_hash","role","created_at","cedula","sector","phone","emergency_contact","emergency_phone","is_allergic") VALUES(119,'Contreras L., Hector D.','L070','driver','2026-04-22 19:59:34',NULL,NULL,NULL,NULL,NULL,NULL);
INSERT INTO "users" ("id","name","pin_hash","role","created_at","cedula","sector","phone","emergency_contact","emergency_phone","is_allergic") VALUES(120,'Guerrero G., Gabriel A.','L071','driver','2026-04-22 19:59:34',NULL,NULL,NULL,NULL,NULL,NULL);
INSERT INTO "users" ("id","name","pin_hash","role","created_at","cedula","sector","phone","emergency_contact","emergency_phone","is_allergic") VALUES(121,'Riera G., José B.','L072','driver','2026-04-22 19:59:36',NULL,NULL,NULL,NULL,NULL,NULL);
INSERT INTO "users" ("id","name","pin_hash","role","created_at","cedula","sector","phone","emergency_contact","emergency_phone","is_allergic") VALUES(122,'Jira H., Frederick A.','L073','driver','2026-04-22 19:59:36',NULL,NULL,NULL,NULL,NULL,NULL);
INSERT INTO "users" ("id","name","pin_hash","role","created_at","cedula","sector","phone","emergency_contact","emergency_phone","is_allergic") VALUES(123,'Panaguica, Joan','L074','driver','2026-04-22 19:59:36',NULL,NULL,NULL,NULL,NULL,NULL);
INSERT INTO "users" ("id","name","pin_hash","role","created_at","cedula","sector","phone","emergency_contact","emergency_phone","is_allergic") VALUES(124,'Perez C. William J.','L075','driver','2026-04-22 19:59:36',NULL,NULL,NULL,NULL,NULL,NULL);
INSERT INTO "users" ("id","name","pin_hash","role","created_at","cedula","sector","phone","emergency_contact","emergency_phone","is_allergic") VALUES(125,'Chacon, Gloris','L076','driver','2026-04-22 19:59:36',NULL,NULL,NULL,NULL,NULL,NULL);
INSERT INTO "users" ("id","name","pin_hash","role","created_at","cedula","sector","phone","emergency_contact","emergency_phone","is_allergic") VALUES(126,'Rojas G., Christian A.','L077','driver','2026-04-22 19:59:36',NULL,NULL,NULL,NULL,NULL,NULL);
INSERT INTO "users" ("id","name","pin_hash","role","created_at","cedula","sector","phone","emergency_contact","emergency_phone","is_allergic") VALUES(127,'Gaceitte G., Iván','L078','driver','2026-04-22 19:59:36',NULL,NULL,NULL,NULL,NULL,NULL);
INSERT INTO "users" ("id","name","pin_hash","role","created_at","cedula","sector","phone","emergency_contact","emergency_phone","is_allergic") VALUES(128,'Velasco G., Cesar A.','L079','driver','2026-04-22 19:59:36',NULL,NULL,NULL,NULL,NULL,NULL);
INSERT INTO "users" ("id","name","pin_hash","role","created_at","cedula","sector","phone","emergency_contact","emergency_phone","is_allergic") VALUES(129,'Molina B., Pedro A.','L080','driver','2026-04-22 19:59:36',NULL,NULL,NULL,NULL,NULL,NULL);
INSERT INTO "users" ("id","name","pin_hash","role","created_at","cedula","sector","phone","emergency_contact","emergency_phone","is_allergic") VALUES(130,'Graziani A., Jhan A.','L081','driver','2026-04-22 19:59:36',NULL,NULL,NULL,NULL,NULL,NULL);
INSERT INTO "users" ("id","name","pin_hash","role","created_at","cedula","sector","phone","emergency_contact","emergency_phone","is_allergic") VALUES(131,'Herrera, Maikel A.','L083','driver','2026-04-22 19:59:36',NULL,NULL,NULL,NULL,NULL,NULL);
INSERT INTO "users" ("id","name","pin_hash","role","created_at","cedula","sector","phone","emergency_contact","emergency_phone","is_allergic") VALUES(132,'Sequera C., Marco A.','L084','driver','2026-04-22 19:59:36',NULL,NULL,NULL,NULL,NULL,NULL);
INSERT INTO "users" ("id","name","pin_hash","role","created_at","cedula","sector","phone","emergency_contact","emergency_phone","is_allergic") VALUES(133,'Muñoz, Adalgisa','L085','driver','2026-04-22 19:59:36',NULL,NULL,NULL,NULL,NULL,NULL);
INSERT INTO "users" ("id","name","pin_hash","role","created_at","cedula","sector","phone","emergency_contact","emergency_phone","is_allergic") VALUES(134,'Rivas, Victor','L086','driver','2026-04-22 19:59:36',NULL,NULL,NULL,NULL,NULL,NULL);
INSERT INTO "users" ("id","name","pin_hash","role","created_at","cedula","sector","phone","emergency_contact","emergency_phone","is_allergic") VALUES(135,'Perez P., Arturo J.','L087','driver','2026-04-22 19:59:36',NULL,NULL,NULL,NULL,NULL,NULL);
INSERT INTO "users" ("id","name","pin_hash","role","created_at","cedula","sector","phone","emergency_contact","emergency_phone","is_allergic") VALUES(136,'Velasquez, Anthony','L088','driver','2026-04-22 19:59:36',NULL,NULL,NULL,NULL,NULL,NULL);
INSERT INTO "users" ("id","name","pin_hash","role","created_at","cedula","sector","phone","emergency_contact","emergency_phone","is_allergic") VALUES(137,'Guacarán G., Franklin J.','L089','driver','2026-04-22 19:59:36',NULL,NULL,NULL,NULL,NULL,NULL);
INSERT INTO "users" ("id","name","pin_hash","role","created_at","cedula","sector","phone","emergency_contact","emergency_phone","is_allergic") VALUES(138,'Alfonso M., Franklin J.','L090','driver','2026-04-22 19:59:36',NULL,NULL,NULL,NULL,NULL,NULL);
INSERT INTO "users" ("id","name","pin_hash","role","created_at","cedula","sector","phone","emergency_contact","emergency_phone","is_allergic") VALUES(139,'Forrero G., German D.','L091','driver','2026-04-22 19:59:36',NULL,NULL,NULL,NULL,NULL,NULL);
INSERT INTO "users" ("id","name","pin_hash","role","created_at","cedula","sector","phone","emergency_contact","emergency_phone","is_allergic") VALUES(140,'Farfan T., Anthony J.','L092','driver','2026-04-22 19:59:36',NULL,NULL,NULL,NULL,NULL,NULL);
INSERT INTO "users" ("id","name","pin_hash","role","created_at","cedula","sector","phone","emergency_contact","emergency_phone","is_allergic") VALUES(141,'Perez Q., Eduardo L.','L093','driver','2026-04-22 19:59:36',NULL,NULL,NULL,NULL,NULL,NULL);
INSERT INTO "users" ("id","name","pin_hash","role","created_at","cedula","sector","phone","emergency_contact","emergency_phone","is_allergic") VALUES(142,'Guzman Z., Jorman J.','L094','driver','2026-04-22 19:59:36',NULL,NULL,NULL,NULL,NULL,NULL);
INSERT INTO "users" ("id","name","pin_hash","role","created_at","cedula","sector","phone","emergency_contact","emergency_phone","is_allergic") VALUES(143,'Rodriguez, Kristian','L096','driver','2026-04-22 19:59:36',NULL,NULL,NULL,NULL,NULL,NULL);
INSERT INTO "users" ("id","name","pin_hash","role","created_at","cedula","sector","phone","emergency_contact","emergency_phone","is_allergic") VALUES(144,'Toussaint F., Felix J.','L097','driver','2026-04-22 19:59:36',NULL,NULL,NULL,NULL,NULL,NULL);
INSERT INTO "users" ("id","name","pin_hash","role","created_at","cedula","sector","phone","emergency_contact","emergency_phone","is_allergic") VALUES(145,'Diaz S., Yandry J.','L098','driver','2026-04-22 19:59:36',NULL,NULL,NULL,NULL,NULL,NULL);
INSERT INTO "users" ("id","name","pin_hash","role","created_at","cedula","sector","phone","emergency_contact","emergency_phone","is_allergic") VALUES(146,'Quintero L., Hover A.','L099','driver','2026-04-22 19:59:36',NULL,NULL,NULL,NULL,NULL,NULL);
INSERT INTO "users" ("id","name","pin_hash","role","created_at","cedula","sector","phone","emergency_contact","emergency_phone","is_allergic") VALUES(147,'Cordero V., Yelfre P.','L100','driver','2026-04-22 19:59:36',NULL,NULL,NULL,NULL,NULL,NULL);
INSERT INTO "users" ("id","name","pin_hash","role","created_at","cedula","sector","phone","emergency_contact","emergency_phone","is_allergic") VALUES(148,'Valera A., Frank J.','L101','driver','2026-04-22 19:59:36',NULL,NULL,NULL,NULL,NULL,NULL);
INSERT INTO "users" ("id","name","pin_hash","role","created_at","cedula","sector","phone","emergency_contact","emergency_phone","is_allergic") VALUES(149,'Romel, Samuel','L102','driver','2026-04-22 19:59:36',NULL,NULL,NULL,NULL,NULL,NULL);
INSERT INTO "users" ("id","name","pin_hash","role","created_at","cedula","sector","phone","emergency_contact","emergency_phone","is_allergic") VALUES(150,'Gil E., Eduardo Y.','L104','driver','2026-04-22 19:59:36',NULL,NULL,NULL,NULL,NULL,NULL);
INSERT INTO "users" ("id","name","pin_hash","role","created_at","cedula","sector","phone","emergency_contact","emergency_phone","is_allergic") VALUES(151,'Landa L., Arnaldo','L105','driver','2026-04-22 19:59:36',NULL,NULL,NULL,NULL,NULL,NULL);
INSERT INTO "users" ("id","name","pin_hash","role","created_at","cedula","sector","phone","emergency_contact","emergency_phone","is_allergic") VALUES(152,'Nuñez, Yonathan G.','L108','driver','2026-04-22 19:59:36',NULL,NULL,NULL,NULL,NULL,NULL);
INSERT INTO "users" ("id","name","pin_hash","role","created_at","cedula","sector","phone","emergency_contact","emergency_phone","is_allergic") VALUES(153,'Sanchez G., Kleidismar A.','L109','driver','2026-04-22 19:59:36',NULL,NULL,NULL,NULL,NULL,NULL);
INSERT INTO "users" ("id","name","pin_hash","role","created_at","cedula","sector","phone","emergency_contact","emergency_phone","is_allergic") VALUES(154,'Soto P., Keiver F.','L110','driver','2026-04-22 19:59:36',NULL,NULL,NULL,NULL,NULL,NULL);
INSERT INTO "users" ("id","name","pin_hash","role","created_at","cedula","sector","phone","emergency_contact","emergency_phone","is_allergic") VALUES(155,'Coronado M., David J.','L111','driver','2026-04-22 19:59:36',NULL,NULL,NULL,NULL,NULL,NULL);
INSERT INTO "users" ("id","name","pin_hash","role","created_at","cedula","sector","phone","emergency_contact","emergency_phone","is_allergic") VALUES(156,'Vivas O., Yerlusa (Yulya)','L113','driver','2026-04-22 19:59:36',NULL,NULL,NULL,NULL,NULL,NULL);
INSERT INTO "users" ("id","name","pin_hash","role","created_at","cedula","sector","phone","emergency_contact","emergency_phone","is_allergic") VALUES(157,'Vivas C., Abraham A.','L114','driver','2026-04-22 19:59:36',NULL,NULL,NULL,NULL,NULL,NULL);
INSERT INTO "users" ("id","name","pin_hash","role","created_at","cedula","sector","phone","emergency_contact","emergency_phone","is_allergic") VALUES(158,'Garcia, Edgar E.','L115','driver','2026-04-22 19:59:36',NULL,NULL,NULL,NULL,NULL,NULL);
INSERT INTO "users" ("id","name","pin_hash","role","created_at","cedula","sector","phone","emergency_contact","emergency_phone","is_allergic") VALUES(159,'Suarez, Ruben','L116','driver','2026-04-22 19:59:36',NULL,NULL,NULL,NULL,NULL,NULL);
INSERT INTO "users" ("id","name","pin_hash","role","created_at","cedula","sector","phone","emergency_contact","emergency_phone","is_allergic") VALUES(160,'Hernandez, Sandy','L117','driver','2026-04-22 19:59:36',NULL,NULL,NULL,NULL,NULL,NULL);
INSERT INTO "users" ("id","name","pin_hash","role","created_at","cedula","sector","phone","emergency_contact","emergency_phone","is_allergic") VALUES(161,'Bastardo, Eduardo','L118','driver','2026-04-22 19:59:36',NULL,NULL,NULL,NULL,NULL,NULL);
INSERT INTO "users" ("id","name","pin_hash","role","created_at","cedula","sector","phone","emergency_contact","emergency_phone","is_allergic") VALUES(162,'Garcia, Tadey','L119','driver','2026-04-22 19:59:36',NULL,NULL,NULL,NULL,NULL,NULL);
INSERT INTO "users" ("id","name","pin_hash","role","created_at","cedula","sector","phone","emergency_contact","emergency_phone","is_allergic") VALUES(163,'Suarez, Glady','L120','driver','2026-04-22 19:59:36',NULL,NULL,NULL,NULL,NULL,NULL);
INSERT INTO "users" ("id","name","pin_hash","role","created_at","cedula","sector","phone","emergency_contact","emergency_phone","is_allergic") VALUES(164,'Gutierrez, Albeny','L121','driver','2026-04-22 19:59:36',NULL,NULL,NULL,NULL,NULL,NULL);
INSERT INTO "users" ("id","name","pin_hash","role","created_at","cedula","sector","phone","emergency_contact","emergency_phone","is_allergic") VALUES(165,'nelson carrillo','7240','director','2026-04-23 11:51:25',NULL,NULL,NULL,NULL,NULL,NULL);
INSERT INTO "users" ("id","name","pin_hash","role","created_at","cedula","sector","phone","emergency_contact","emergency_phone","is_allergic") VALUES(166,'EyeStaff','1234','director','2026-04-23 14:06:18',NULL,NULL,NULL,NULL,NULL,NULL);
CREATE TABLE IF NOT EXISTS "vehicles_old" (
  id INTEGER PRIMARY KEY AUTOINCREMENT,
  plate TEXT NOT NULL UNIQUE,
  brand TEXT,
  model TEXT,
  color TEXT,
  status TEXT NOT NULL CHECK(status IN ('checkin','parked','requested','delivering','delivered','pending_retrieval','retrieved')),
  ticket_code TEXT UNIQUE,
  owner_name TEXT,
  owner_phone TEXT,
  owner_id_ref TEXT,
  parking_spot TEXT,
  damage_notes TEXT,
  fee_amount REAL,
  fee_paid INTEGER DEFAULT 0,
  payment_method TEXT,
  valet_in TEXT,
  valet_out TEXT,
  check_in_at TEXT DEFAULT CURRENT_TIMESTAMP,
  check_out_at TEXT,
  created_at TEXT DEFAULT CURRENT_TIMESTAMP
, key_hook TEXT, damage_json TEXT, requested_at DATETIME);
INSERT INTO "vehicles_old" ("id","plate","brand","model","color","status","ticket_code","owner_name","owner_phone","owner_id_ref","parking_spot","damage_notes","fee_amount","fee_paid","payment_method","valet_in","valet_out","check_in_at","check_out_at","created_at","key_hook","damage_json","requested_at") VALUES(1,'aaa-123','toyota',NULL,NULL,'retrieved','VMO8O00H0','alfonso',NULL,NULL,NULL,NULL,0,0,NULL,NULL,NULL,'2026-04-21 13:33:46','2026-04-21 13:51:17','2026-04-21 13:33:46',NULL,NULL,NULL);
INSERT INTO "vehicles_old" ("id","plate","brand","model","color","status","ticket_code","owner_name","owner_phone","owner_id_ref","parking_spot","damage_notes","fee_amount","fee_paid","payment_method","valet_in","valet_out","check_in_at","check_out_at","created_at","key_hook","damage_json","requested_at") VALUES(2,'ZZZ-999',NULL,NULL,NULL,'parked','VMO8OAT00','nelson','+34722838789',NULL,NULL,NULL,0,0,NULL,NULL,NULL,'2026-04-21 13:42:10',NULL,'2026-04-21 13:42:10',NULL,'[]',NULL);
INSERT INTO "vehicles_old" ("id","plate","brand","model","color","status","ticket_code","owner_name","owner_phone","owner_id_ref","parking_spot","damage_notes","fee_amount","fee_paid","payment_method","valet_in","valet_out","check_in_at","check_out_at","created_at","key_hook","damage_json","requested_at") VALUES(3,'1234-AAA','mercedes',NULL,NULL,'parked','VMO8OUTFM','alfonso','+34722838789',NULL,NULL,NULL,0,0,NULL,NULL,NULL,'2026-04-21 13:57:44',NULL,'2026-04-21 13:57:44',NULL,'[{"x":168.59845187615872,"y":322.56163058777514},{"x":212.1858943311103,"y":199.87105434422216},{"x":323.5760250493199,"y":188.570606532316},{"x":268.688134550492,"y":448.48090620615835}]',NULL);
CREATE TABLE slots (
  id INTEGER PRIMARY KEY AUTOINCREMENT,
  zone TEXT NOT NULL,
  number INTEGER NOT NULL,
  is_free INTEGER DEFAULT 1
);
INSERT INTO "slots" ("id","zone","number","is_free") VALUES(1,'A',1,1);
INSERT INTO "slots" ("id","zone","number","is_free") VALUES(2,'A',2,1);
INSERT INTO "slots" ("id","zone","number","is_free") VALUES(3,'A',3,1);
INSERT INTO "slots" ("id","zone","number","is_free") VALUES(4,'A',4,1);
INSERT INTO "slots" ("id","zone","number","is_free") VALUES(5,'A',5,1);
INSERT INTO "slots" ("id","zone","number","is_free") VALUES(6,'A',6,1);
INSERT INTO "slots" ("id","zone","number","is_free") VALUES(7,'A',7,1);
INSERT INTO "slots" ("id","zone","number","is_free") VALUES(8,'A',8,1);
INSERT INTO "slots" ("id","zone","number","is_free") VALUES(9,'A',9,1);
INSERT INTO "slots" ("id","zone","number","is_free") VALUES(10,'A',10,1);
INSERT INTO "slots" ("id","zone","number","is_free") VALUES(11,'B',1,1);
INSERT INTO "slots" ("id","zone","number","is_free") VALUES(12,'B',2,1);
INSERT INTO "slots" ("id","zone","number","is_free") VALUES(13,'B',3,1);
INSERT INTO "slots" ("id","zone","number","is_free") VALUES(14,'B',4,1);
INSERT INTO "slots" ("id","zone","number","is_free") VALUES(15,'B',5,1);
INSERT INTO "slots" ("id","zone","number","is_free") VALUES(16,'B',6,1);
INSERT INTO "slots" ("id","zone","number","is_free") VALUES(17,'B',7,1);
INSERT INTO "slots" ("id","zone","number","is_free") VALUES(18,'B',8,1);
INSERT INTO "slots" ("id","zone","number","is_free") VALUES(19,'B',9,1);
INSERT INTO "slots" ("id","zone","number","is_free") VALUES(20,'B',10,1);
INSERT INTO "slots" ("id","zone","number","is_free") VALUES(21,'C',1,1);
INSERT INTO "slots" ("id","zone","number","is_free") VALUES(22,'C',2,1);
INSERT INTO "slots" ("id","zone","number","is_free") VALUES(23,'C',3,1);
INSERT INTO "slots" ("id","zone","number","is_free") VALUES(24,'C',4,1);
INSERT INTO "slots" ("id","zone","number","is_free") VALUES(25,'C',5,1);
INSERT INTO "slots" ("id","zone","number","is_free") VALUES(26,'C',6,1);
INSERT INTO "slots" ("id","zone","number","is_free") VALUES(27,'C',7,1);
INSERT INTO "slots" ("id","zone","number","is_free") VALUES(28,'C',8,1);
INSERT INTO "slots" ("id","zone","number","is_free") VALUES(29,'C',9,1);
INSERT INTO "slots" ("id","zone","number","is_free") VALUES(30,'C',10,1);
CREATE TABLE reservations (
  id INTEGER PRIMARY KEY AUTOINCREMENT,
  confirm_code TEXT NOT NULL UNIQUE,
  owner_name TEXT NOT NULL,
  owner_phone TEXT NOT NULL,
  plate TEXT,
  brand TEXT,
  model TEXT,
  expected_arrival TEXT NOT NULL,
  notes TEXT,
  status TEXT NOT NULL DEFAULT 'pending' CHECK(status IN ('pending', 'arrived', 'cancelled')),
  created_at TEXT DEFAULT CURRENT_TIMESTAMP
);
CREATE TABLE settings (key TEXT PRIMARY KEY, value TEXT);
INSERT INTO "settings" ("key","value") VALUES('company_name','Eye Staff');
INSERT INTO "settings" ("key","value") VALUES('company_address','');
INSERT INTO "settings" ("key","value") VALUES('company_phone','');
INSERT INTO "settings" ("key","value") VALUES('terms_conditions','No nos hacemos responsables por objetos de valor no declarados.');
INSERT INTO "settings" ("key","value") VALUES('company_logo','https://cdn-icons-png.flaticon.com/512/2343/2343894.png');
INSERT INTO "settings" ("key","value") VALUES('currency','$');
INSERT INTO "settings" ("key","value") VALUES('stripe_enabled','false');
CREATE TABLE subscriptions (id INTEGER PRIMARY KEY AUTOINCREMENT, user_id INTEGER, endpoint TEXT UNIQUE, keys_p256dh TEXT, keys_auth TEXT, created_at DATETIME DEFAULT CURRENT_TIMESTAMP);
CREATE TABLE shifts (id INTEGER PRIMARY KEY AUTOINCREMENT, user_id INTEGER, start_at DATETIME DEFAULT CURRENT_TIMESTAMP, end_at DATETIME, total_minutes INTEGER, status TEXT DEFAULT 'active');
CREATE TABLE vehicles (
    id INTEGER PRIMARY KEY AUTOINCREMENT,
    plate TEXT NOT NULL,
    brand TEXT,
    model TEXT,
    color TEXT,
    status TEXT NOT NULL,
    ticket_code TEXT UNIQUE,
    owner_name TEXT,
    owner_phone TEXT,
    owner_id_ref TEXT,
    parking_spot TEXT,
    damage_notes TEXT,
    damage_json TEXT,
    fee_amount REAL,
    fee_paid INTEGER DEFAULT 0,
    payment_method TEXT,
    valet_in TEXT,
    valet_out TEXT,
    check_in_at TEXT DEFAULT CURRENT_TIMESTAMP,
    check_out_at TEXT,
    created_at TEXT DEFAULT CURRENT_TIMESTAMP
  , session_id INTEGER, daily_seq INTEGER, owner_email TEXT, auth_token_1 TEXT, auth_token_2 TEXT, retrieval_token TEXT, conformity_signed INTEGER DEFAULT 0);
INSERT INTO "vehicles" ("id","plate","brand","model","color","status","ticket_code","owner_name","owner_phone","owner_id_ref","parking_spot","damage_notes","damage_json","fee_amount","fee_paid","payment_method","valet_in","valet_out","check_in_at","check_out_at","created_at","session_id","daily_seq","owner_email","auth_token_1","auth_token_2","retrieval_token","conformity_signed") VALUES(1,'777-PPP','mercedes',NULL,NULL,'retrieved','VMO8POF8Y','alfonso','+34722838789',NULL,NULL,NULL,'[{"x":337.18436206623824,"y":289.02450481524573}]',NULL,0,NULL,'Director Valet',NULL,'2026-04-21 14:20:45','2026-04-21 19:35:51','2026-04-21 14:20:45',NULL,NULL,NULL,NULL,NULL,NULL,0);
INSERT INTO "vehicles" ("id","plate","brand","model","color","status","ticket_code","owner_name","owner_phone","owner_id_ref","parking_spot","damage_notes","damage_json","fee_amount","fee_paid","payment_method","valet_in","valet_out","check_in_at","check_out_at","created_at","session_id","daily_seq","owner_email","auth_token_1","auth_token_2","retrieval_token","conformity_signed") VALUES(2,'555-ABC','CHEVROLET',NULL,NULL,'retrieved','VMO8PXIFN','MARIA','+34722838789',NULL,NULL,NULL,'[{"x":212.69838519592338,"y":92.20208613588787}]',NULL,0,NULL,'Director Valet',NULL,'2026-04-21 14:27:49','2026-04-21 14:33:05','2026-04-21 14:27:49',NULL,NULL,NULL,NULL,NULL,NULL,0);
INSERT INTO "vehicles" ("id","plate","brand","model","color","status","ticket_code","owner_name","owner_phone","owner_id_ref","parking_spot","damage_notes","damage_json","fee_amount","fee_paid","payment_method","valet_in","valet_out","check_in_at","check_out_at","created_at","session_id","daily_seq","owner_email","auth_token_1","auth_token_2","retrieval_token","conformity_signed") VALUES(3,'TTT-123','toyota',NULL,NULL,'retrieved','VMO8QE6JF','alfonso','+34722838789',NULL,NULL,NULL,'[{"x":69.70773608812935,"y":310.5023130326422}]',NULL,0,NULL,'Director Valet',NULL,'2026-04-21 14:40:47','2026-04-21 14:54:42','2026-04-21 14:40:47',NULL,NULL,NULL,NULL,NULL,NULL,0);
INSERT INTO "vehicles" ("id","plate","brand","model","color","status","ticket_code","owner_name","owner_phone","owner_id_ref","parking_spot","damage_notes","damage_json","fee_amount","fee_paid","payment_method","valet_in","valet_out","check_in_at","check_out_at","created_at","session_id","daily_seq","owner_email","auth_token_1","auth_token_2","retrieval_token","conformity_signed") VALUES(4,'888-MMM','autana',NULL,NULL,'retrieved','VMO8QQ0XT','ignacio','+34722838789',NULL,NULL,NULL,'[]',NULL,0,NULL,'Director Valet',NULL,'2026-04-21 14:50:00','2026-04-21 19:35:15','2026-04-21 14:50:00',NULL,NULL,NULL,NULL,NULL,NULL,0);
INSERT INTO "vehicles" ("id","plate","brand","model","color","status","ticket_code","owner_name","owner_phone","owner_id_ref","parking_spot","damage_notes","damage_json","fee_amount","fee_paid","payment_method","valet_in","valet_out","check_in_at","check_out_at","created_at","session_id","daily_seq","owner_email","auth_token_1","auth_token_2","retrieval_token","conformity_signed") VALUES(5,'UUU-5672','mercedes',NULL,NULL,'retrieved','VMO8R9Q72','pedro','+34722838789',NULL,NULL,NULL,'[{"x":185.2218875627647,"y":270.12848355995345}]',NULL,0,NULL,'Director Valet',NULL,'2026-04-21 15:05:19','2026-04-22 05:07:45','2026-04-21 15:05:19',NULL,NULL,NULL,NULL,NULL,NULL,0);
INSERT INTO "vehicles" ("id","plate","brand","model","color","status","ticket_code","owner_name","owner_phone","owner_id_ref","parking_spot","damage_notes","damage_json","fee_amount","fee_paid","payment_method","valet_in","valet_out","check_in_at","check_out_at","created_at","session_id","daily_seq","owner_email","auth_token_1","auth_token_2","retrieval_token","conformity_signed") VALUES(6,'555-ABC','subaru',NULL,NULL,'retrieved','VMO8RCXX4','pedro','+34722838789',NULL,NULL,NULL,'[{"x":207.0910456616038,"y":86.76400803815848},{"x":195.31534514684427,"y":307.1378272432515},{"x":361.85739528415735,"y":270.12848355995345},{"x":202.044316869564,"y":500.5957601332186}]',NULL,0,NULL,'Director Valet',NULL,'2026-04-21 15:07:49','2026-04-21 19:34:27','2026-04-21 15:07:49',NULL,NULL,NULL,NULL,NULL,NULL,0);
INSERT INTO "vehicles" ("id","plate","brand","model","color","status","ticket_code","owner_name","owner_phone","owner_id_ref","parking_spot","damage_notes","damage_json","fee_amount","fee_paid","payment_method","valet_in","valet_out","check_in_at","check_out_at","created_at","session_id","daily_seq","owner_email","auth_token_1","auth_token_2","retrieval_token","conformity_signed") VALUES(7,'AAA-123',NULL,NULL,NULL,'retrieved','VMO90UG0H','','+34722838789',NULL,NULL,NULL,'[{"x":194.59745762711864,"y":323.728813559322}]',NULL,0,NULL,'Director Valet',NULL,'2026-04-21 19:33:22','2026-04-22 05:08:55','2026-04-21 19:33:22',NULL,1,NULL,NULL,NULL,NULL,0);
INSERT INTO "vehicles" ("id","plate","brand","model","color","status","ticket_code","owner_name","owner_phone","owner_id_ref","parking_spot","damage_notes","damage_json","fee_amount","fee_paid","payment_method","valet_in","valet_out","check_in_at","check_out_at","created_at","session_id","daily_seq","owner_email","auth_token_1","auth_token_2","retrieval_token","conformity_signed") VALUES(8,'1234-AAA','mercedes',NULL,NULL,'retrieved','VMO92E2I0','alfonso','+34722838789',NULL,NULL,NULL,'[{"x":341.67048011599815,"y":263.42869762221306},{"x":181.85740170140483,"y":404.73710077662383}]',NULL,0,NULL,'Director Valet',NULL,'2026-04-21 20:16:37','2026-04-21 21:36:05','2026-04-21 20:16:37',NULL,1,NULL,NULL,NULL,NULL,0);
INSERT INTO "vehicles" ("id","plate","brand","model","color","status","ticket_code","owner_name","owner_phone","owner_id_ref","parking_spot","damage_notes","damage_json","fee_amount","fee_paid","payment_method","valet_in","valet_out","check_in_at","check_out_at","created_at","session_id","daily_seq","owner_email","auth_token_1","auth_token_2","retrieval_token","conformity_signed") VALUES(9,'III-888',NULL,'corolla','blanco','retrieved','VMO93R0HX','pedro perez','722838789',NULL,NULL,NULL,'[{"x":229.52785198918528,"y":106.9152175336134}]',NULL,0,NULL,'Director Valet',NULL,'2026-04-21 20:54:41','2026-04-21 22:31:38','2026-04-21 20:54:41',3,1,NULL,NULL,NULL,NULL,0);
INSERT INTO "vehicles" ("id","plate","brand","model","color","status","ticket_code","owner_name","owner_phone","owner_id_ref","parking_spot","damage_notes","damage_json","fee_amount","fee_paid","payment_method","valet_in","valet_out","check_in_at","check_out_at","created_at","session_id","daily_seq","owner_email","auth_token_1","auth_token_2","retrieval_token","conformity_signed") VALUES(10,'444-ABC','camion','corolla','blanco','retrieved','VMO93YCJ9','ANTONIO PEREZ','34433322',NULL,NULL,NULL,'[{"x":181.63086129974377,"y":106.22845416473378}]',NULL,0,NULL,'Director Valet',NULL,'2026-04-21 21:00:23','2026-04-21 22:50:51','2026-04-21 21:00:23',3,2,NULL,NULL,NULL,NULL,0);
INSERT INTO "vehicles" ("id","plate","brand","model","color","status","ticket_code","owner_name","owner_phone","owner_id_ref","parking_spot","damage_notes","damage_json","fee_amount","fee_paid","payment_method","valet_in","valet_out","check_in_at","check_out_at","created_at","session_id","daily_seq","owner_email","auth_token_1","auth_token_2","retrieval_token","conformity_signed") VALUES(11,'888-MMM','Toyota','Autana','Azul','retrieved','VMO9464GG','ignacio','+34722838789',NULL,NULL,NULL,'[{"x":221.70542635658913,"y":207.75193798449612}]',NULL,0,NULL,'Director Valet',NULL,'2026-04-21 21:06:25','2026-04-22 05:50:53','2026-04-21 21:06:25',3,3,NULL,NULL,NULL,NULL,0);
INSERT INTO "vehicles" ("id","plate","brand","model","color","status","ticket_code","owner_name","owner_phone","owner_id_ref","parking_spot","damage_notes","damage_json","fee_amount","fee_paid","payment_method","valet_in","valet_out","check_in_at","check_out_at","created_at","session_id","daily_seq","owner_email","auth_token_1","auth_token_2","retrieval_token","conformity_signed") VALUES(12,'ASS-789','Fiat','500','Blanco','retrieved','VMO98E04X','Juan pereZ','600656765',NULL,NULL,NULL,'[{"x":230.2325581395349,"y":191.6424418604651}]',NULL,0,NULL,'Director Valet',NULL,'2026-04-21 23:04:32','2026-04-21 23:12:54','2026-04-21 23:04:32',NULL,1,NULL,NULL,NULL,NULL,0);
INSERT INTO "vehicles" ("id","plate","brand","model","color","status","ticket_code","owner_name","owner_phone","owner_id_ref","parking_spot","damage_notes","damage_json","fee_amount","fee_paid","payment_method","valet_in","valet_out","check_in_at","check_out_at","created_at","session_id","daily_seq","owner_email","auth_token_1","auth_token_2","retrieval_token","conformity_signed") VALUES(13,'555-ABC','CHEVROLET','Malibu','Azul','retrieved','VMO9L9O5R','MARIA perez','04149121293',NULL,NULL,NULL,'[{"x":241.86046511627904,"y":311.02228682170545}]',NULL,0,NULL,'Director Valet',NULL,'2026-04-22 05:05:05','2026-04-22 05:08:24','2026-04-22 05:05:05',4,1,NULL,NULL,NULL,NULL,0);
INSERT INTO "vehicles" ("id","plate","brand","model","color","status","ticket_code","owner_name","owner_phone","owner_id_ref","parking_spot","damage_notes","damage_json","fee_amount","fee_paid","payment_method","valet_in","valet_out","check_in_at","check_out_at","created_at","session_id","daily_seq","owner_email","auth_token_1","auth_token_2","retrieval_token","conformity_signed") VALUES(14,'444-ABC','Encava','En100','Blanco','retrieved','VMO9N4SX1','ANTONIO PEREZ','04129993334',NULL,NULL,NULL,'[]',NULL,0,NULL,'Director Valet',NULL,'2026-04-22 05:57:17','2026-04-22 06:28:11','2026-04-22 05:57:17',NULL,1,NULL,NULL,NULL,NULL,0);
INSERT INTO "vehicles" ("id","plate","brand","model","color","status","ticket_code","owner_name","owner_phone","owner_id_ref","parking_spot","damage_notes","damage_json","fee_amount","fee_paid","payment_method","valet_in","valet_out","check_in_at","check_out_at","created_at","session_id","daily_seq","owner_email","auth_token_1","auth_token_2","retrieval_token","conformity_signed") VALUES(15,'777-PPP','mercedes','Van','Negra','retrieved','VMO9NCSRB','alfonso calabrese','+1 (786) 252-7353',NULL,NULL,NULL,'[]',NULL,0,NULL,'Director Valet',NULL,'2026-04-22 06:03:30','2026-04-22 06:29:53','2026-04-22 06:03:30',NULL,1,NULL,NULL,NULL,NULL,0);
INSERT INTO "vehicles" ("id","plate","brand","model","color","status","ticket_code","owner_name","owner_phone","owner_id_ref","parking_spot","damage_notes","damage_json","fee_amount","fee_paid","payment_method","valet_in","valet_out","check_in_at","check_out_at","created_at","session_id","daily_seq","owner_email","auth_token_1","auth_token_2","retrieval_token","conformity_signed") VALUES(16,'1234-AAA','mercedes ben','Van','Negro','retrieved','VMO9NN7VE','alfonso calabrese','+1 (786) 252-7353',NULL,NULL,NULL,'[{"x":138.75968992248062,"y":284.6656976744186}]',NULL,0,NULL,'Director Valet',NULL,'2026-04-22 06:11:36','2026-04-22 06:29:33','2026-04-22 06:11:36',NULL,1,NULL,NULL,NULL,NULL,0);
INSERT INTO "vehicles" ("id","plate","brand","model","color","status","ticket_code","owner_name","owner_phone","owner_id_ref","parking_spot","damage_notes","damage_json","fee_amount","fee_paid","payment_method","valet_in","valet_out","check_in_at","check_out_at","created_at","session_id","daily_seq","owner_email","auth_token_1","auth_token_2","retrieval_token","conformity_signed") VALUES(17,'AAA-123','Toyota','Autana','Gris','retrieved','VMO9O7BO9','Juan perez','+34722838789',NULL,NULL,NULL,'[]',NULL,0,NULL,'Director Valet',NULL,'2026-04-22 06:27:14','2026-04-22 06:29:06','2026-04-22 06:27:14',NULL,1,NULL,NULL,NULL,NULL,0);
INSERT INTO "vehicles" ("id","plate","brand","model","color","status","ticket_code","owner_name","owner_phone","owner_id_ref","parking_spot","damage_notes","damage_json","fee_amount","fee_paid","payment_method","valet_in","valet_out","check_in_at","check_out_at","created_at","session_id","daily_seq","owner_email","auth_token_1","auth_token_2","retrieval_token","conformity_signed") VALUES(18,'PPP-123','toyota','corolla','negro','retrieved','VMO9OBVGQ','nicolas betancourt','04142772998',NULL,NULL,NULL,'[]',NULL,0,NULL,'Director Valet',NULL,'2026-04-22 06:30:46','2026-04-22 06:31:51','2026-04-22 06:30:46',NULL,1,NULL,NULL,NULL,NULL,0);
INSERT INTO "vehicles" ("id","plate","brand","model","color","status","ticket_code","owner_name","owner_phone","owner_id_ref","parking_spot","damage_notes","damage_json","fee_amount","fee_paid","payment_method","valet_in","valet_out","check_in_at","check_out_at","created_at","session_id","daily_seq","owner_email","auth_token_1","auth_token_2","retrieval_token","conformity_signed") VALUES(19,'1234-AAA','mercedes',NULL,NULL,'retrieved','VMO9OSO05','alfonso','+34722838789',NULL,NULL,NULL,'[]',NULL,0,NULL,'Director Valet',NULL,'2026-04-22 06:43:50','2026-04-22 07:39:39','2026-04-22 06:43:50',NULL,1,NULL,NULL,NULL,NULL,0);
INSERT INTO "vehicles" ("id","plate","brand","model","color","status","ticket_code","owner_name","owner_phone","owner_id_ref","parking_spot","damage_notes","damage_json","fee_amount","fee_paid","payment_method","valet_in","valet_out","check_in_at","check_out_at","created_at","session_id","daily_seq","owner_email","auth_token_1","auth_token_2","retrieval_token","conformity_signed") VALUES(20,'EAE-1870','Ford','Mustang','Negro','retrieved','VMO9QPUJB','Pedro perez','04148121283',NULL,NULL,NULL,'[]',NULL,0,NULL,'Director Valet',NULL,'2026-04-22 07:37:37','2026-04-22 07:40:27','2026-04-22 07:37:37',NULL,1,NULL,NULL,NULL,NULL,0);
INSERT INTO "vehicles" ("id","plate","brand","model","color","status","ticket_code","owner_name","owner_phone","owner_id_ref","parking_spot","damage_notes","damage_json","fee_amount","fee_paid","payment_method","valet_in","valet_out","check_in_at","check_out_at","created_at","session_id","daily_seq","owner_email","auth_token_1","auth_token_2","retrieval_token","conformity_signed") VALUES(21,'ABC-456','Toyota','Yaris','Gris','parked','VMO9UGCTK','Valentina van grieken','+34722838789',NULL,NULL,NULL,'[{"x":534.5911949685534,"y":770.440251572327},{"x":638.3647798742138,"y":805.0314465408806},{"x":827.0440251572328,"y":773.5849056603774}]',NULL,0,NULL,'Director Valet',NULL,'2026-04-22 09:22:13',NULL,'2026-04-22 09:22:13',NULL,1,NULL,NULL,NULL,NULL,0);
INSERT INTO "vehicles" ("id","plate","brand","model","color","status","ticket_code","owner_name","owner_phone","owner_id_ref","parking_spot","damage_notes","damage_json","fee_amount","fee_paid","payment_method","valet_in","valet_out","check_in_at","check_out_at","created_at","session_id","daily_seq","owner_email","auth_token_1","auth_token_2","retrieval_token","conformity_signed") VALUES(22,'666-DDD','Pontiac','Transam','Negro','parked','VMO9UIFD4','Pedro castillo','8784565',NULL,NULL,'Faroneoro','[{"x":301.88679245283015,"y":556.6037735849056},{"x":783.0188679245283,"y":584.9056603773585}]',NULL,0,NULL,'Director Valet',NULL,'2026-04-22 09:23:49',NULL,'2026-04-22 09:23:49',NULL,1,NULL,NULL,NULL,NULL,0);
INSERT INTO "vehicles" ("id","plate","brand","model","color","status","ticket_code","owner_name","owner_phone","owner_id_ref","parking_spot","damage_notes","damage_json","fee_amount","fee_paid","payment_method","valet_in","valet_out","check_in_at","check_out_at","created_at","session_id","daily_seq","owner_email","auth_token_1","auth_token_2","retrieval_token","conformity_signed") VALUES(23,'GGG-456','Audi','A4','Rojo','parked','VMO9UJYVN','Martin fernandes','665383737',NULL,NULL,NULL,'[]',NULL,0,NULL,'Director Valet',NULL,'2026-04-22 09:25:01',NULL,'2026-04-22 09:25:01',NULL,1,NULL,NULL,NULL,NULL,0);
INSERT INTO "vehicles" ("id","plate","brand","model","color","status","ticket_code","owner_name","owner_phone","owner_id_ref","parking_spot","damage_notes","damage_json","fee_amount","fee_paid","payment_method","valet_in","valet_out","check_in_at","check_out_at","created_at","session_id","daily_seq","owner_email","auth_token_1","auth_token_2","retrieval_token","conformity_signed") VALUES(24,'1234-AAA','mercedes','corolla','blanco','retrieved','VMO9Z4DDW','alfonso','+34722838789',NULL,NULL,NULL,'[]',NULL,0,NULL,'Director Valet',NULL,'2026-04-22 11:32:52','2026-04-22 12:19:43','2026-04-22 11:32:52',5,4,NULL,NULL,NULL,NULL,0);
INSERT INTO "vehicles" ("id","plate","brand","model","color","status","ticket_code","owner_name","owner_phone","owner_id_ref","parking_spot","damage_notes","damage_json","fee_amount","fee_paid","payment_method","valet_in","valet_out","check_in_at","check_out_at","created_at","session_id","daily_seq","owner_email","auth_token_1","auth_token_2","retrieval_token","conformity_signed") VALUES(25,'777-PPP','mercedes','corolla','blanco','retrieved','VMO9Z4ZIJ','alfonso','+34722838789',NULL,NULL,NULL,'[]',NULL,0,NULL,'Director Valet',NULL,'2026-04-22 11:33:21','2026-04-22 12:19:58','2026-04-22 11:33:21',5,5,NULL,NULL,NULL,NULL,0);
INSERT INTO "vehicles" ("id","plate","brand","model","color","status","ticket_code","owner_name","owner_phone","owner_id_ref","parking_spot","damage_notes","damage_json","fee_amount","fee_paid","payment_method","valet_in","valet_out","check_in_at","check_out_at","created_at","session_id","daily_seq","owner_email","auth_token_1","auth_token_2","retrieval_token","conformity_signed") VALUES(26,'XPR-281','CHEVROLET','CHEVETTE','MARRON','retrieved','VMO9ZADJD','NELSON CARRILLO','04149121293',NULL,NULL,NULL,'[{"x":599.5208482784386,"y":361.5525632594251}]',NULL,0,NULL,'Director Valet',NULL,'2026-04-22 11:37:32','2026-04-22 12:20:21','2026-04-22 11:37:32',5,6,NULL,NULL,NULL,NULL,0);
INSERT INTO "vehicles" ("id","plate","brand","model","color","status","ticket_code","owner_name","owner_phone","owner_id_ref","parking_spot","damage_notes","damage_json","fee_amount","fee_paid","payment_method","valet_in","valet_out","check_in_at","check_out_at","created_at","session_id","daily_seq","owner_email","auth_token_1","auth_token_2","retrieval_token","conformity_signed") VALUES(27,'LKJ-654','SUBARU','MX2','GRIS','retrieved','VMO9ZEBXQ','PEDRO PEREZ PRADO','345554555',NULL,NULL,NULL,'[{"x":746.9075953226574,"y":95.0020632858382},{"x":474.08531887910374,"y":151.44805151553894},{"x":436.45466005930325,"y":145.1762750455722},{"x":348.6497894797687,"y":370.96022796437524},{"x":536.8030835787712,"y":389.7755573742754},{"x":709.2769365028569,"y":565.3852985333444},{"x":618.3361776883389,"y":784.8974749821807}]',NULL,0,NULL,'Director Valet',NULL,'2026-04-22 11:40:37','2026-04-22 12:06:02','2026-04-22 11:40:37',5,7,NULL,NULL,NULL,NULL,0);
INSERT INTO "vehicles" ("id","plate","brand","model","color","status","ticket_code","owner_name","owner_phone","owner_id_ref","parking_spot","damage_notes","damage_json","fee_amount","fee_paid","payment_method","valet_in","valet_out","check_in_at","check_out_at","created_at","session_id","daily_seq","owner_email","auth_token_1","auth_token_2","retrieval_token","conformity_signed") VALUES(28,'APR-285','chevrolet','chevette','marron','parked','VMOA2FH83','nelson carrillo','04149121293',NULL,NULL,NULL,'[{"x":630.8797306282725,"y":191.58317185601555}]',NULL,0,NULL,'Director Valet',NULL,'2026-04-22 13:05:29',NULL,'2026-04-22 13:05:29',NULL,8,NULL,NULL,NULL,NULL,0);
INSERT INTO "vehicles" ("id","plate","brand","model","color","status","ticket_code","owner_name","owner_phone","owner_id_ref","parking_spot","damage_notes","damage_json","fee_amount","fee_paid","payment_method","valet_in","valet_out","check_in_at","check_out_at","created_at","session_id","daily_seq","owner_email","auth_token_1","auth_token_2","retrieval_token","conformity_signed") VALUES(29,'1234-AAA','mercedes',NULL,NULL,'parked','VMOA2H4NW','alfonso','+34722838789',NULL,NULL,NULL,'[]',NULL,0,NULL,'Director Valet',NULL,'2026-04-22 13:06:46',NULL,'2026-04-22 13:06:46',NULL,9,NULL,NULL,NULL,NULL,0);
INSERT INTO "vehicles" ("id","plate","brand","model","color","status","ticket_code","owner_name","owner_phone","owner_id_ref","parking_spot","damage_notes","damage_json","fee_amount","fee_paid","payment_method","valet_in","valet_out","check_in_at","check_out_at","created_at","session_id","daily_seq","owner_email","auth_token_1","auth_token_2","retrieval_token","conformity_signed") VALUES(30,'MDENZ-0001','mercedes benz','van','negro','retrieved','VMOA2NMJM','alfonso calabrese','acalabrese@me.com',NULL,NULL,NULL,'[{"x":743.7717070876739,"y":148.0072639911068}]',NULL,0,NULL,'Director Valet',NULL,'2026-04-22 13:11:49','2026-04-22 13:16:01','2026-04-22 13:11:49',6,10,NULL,NULL,NULL,NULL,0);
INSERT INTO "vehicles" ("id","plate","brand","model","color","status","ticket_code","owner_name","owner_phone","owner_id_ref","parking_spot","damage_notes","damage_json","fee_amount","fee_paid","payment_method","valet_in","valet_out","check_in_at","check_out_at","created_at","session_id","daily_seq","owner_email","auth_token_1","auth_token_2","retrieval_token","conformity_signed") VALUES(31,'4564-JNMK','tesla','300','gris','parked','VMOA2S0CE','antonio perez','17865463233',NULL,NULL,NULL,'[{"x":840.9842423721586,"y":148.0072639911068}]',NULL,0,NULL,'Director Valet',NULL,'2026-04-22 13:15:14',NULL,'2026-04-22 13:15:14',6,11,NULL,NULL,NULL,NULL,0);
INSERT INTO "vehicles" ("id","plate","brand","model","color","status","ticket_code","owner_name","owner_phone","owner_id_ref","parking_spot","damage_notes","damage_json","fee_amount","fee_paid","payment_method","valet_in","valet_out","check_in_at","check_out_at","created_at","session_id","daily_seq","owner_email","auth_token_1","auth_token_2","retrieval_token","conformity_signed") VALUES(32,'AAB-4076','Titota','Corilla','Blanco','retrieved','V00001','Nelson carrillo','+34722838789',NULL,NULL,NULL,'[{"x":801.8867924528303,"y":100.62893081761007}]',0,0,NULL,NULL,NULL,'2026-04-22 23:49:20','2026-04-23 15:19:50','2026-04-22 23:49:20',7,1,NULL,NULL,NULL,NULL,0);
INSERT INTO "vehicles" ("id","plate","brand","model","color","status","ticket_code","owner_name","owner_phone","owner_id_ref","parking_spot","damage_notes","damage_json","fee_amount","fee_paid","payment_method","valet_in","valet_out","check_in_at","check_out_at","created_at","session_id","daily_seq","owner_email","auth_token_1","auth_token_2","retrieval_token","conformity_signed") VALUES(33,'AAB-4076','Titota','Yairs','Blanco','retrieved','V00002','Nelson carrillo','+34722838789',NULL,NULL,NULL,'[{"x":638.3647798742138,"y":122.64150943396227}]',0,0,NULL,NULL,NULL,'2026-04-22 23:50:48','2026-04-23 15:19:57','2026-04-22 23:50:48',7,2,NULL,NULL,NULL,NULL,0);
INSERT INTO "vehicles" ("id","plate","brand","model","color","status","ticket_code","owner_name","owner_phone","owner_id_ref","parking_spot","damage_notes","damage_json","fee_amount","fee_paid","payment_method","valet_in","valet_out","check_in_at","check_out_at","created_at","session_id","daily_seq","owner_email","auth_token_1","auth_token_2","retrieval_token","conformity_signed") VALUES(34,'QQQ-987','fiat','premio','blanco','retrieved','V00003','nelson carrillo','34722838789',NULL,NULL,NULL,'[{"x":815.0260418062287,"y":792.3180786712899}]',0,0,NULL,NULL,NULL,'2026-04-23 04:18:44','2026-04-23 15:20:03','2026-04-23 04:18:44',7,3,NULL,NULL,NULL,NULL,0);
INSERT INTO "vehicles" ("id","plate","brand","model","color","status","ticket_code","owner_name","owner_phone","owner_id_ref","parking_spot","damage_notes","damage_json","fee_amount","fee_paid","payment_method","valet_in","valet_out","check_in_at","check_out_at","created_at","session_id","daily_seq","owner_email","auth_token_1","auth_token_2","retrieval_token","conformity_signed") VALUES(35,'III-888','toyota','corolla','blanco','retrieved','V00004','pedro perez','+34722838789',NULL,NULL,NULL,'[]',0,0,NULL,NULL,NULL,'2026-04-23 04:41:10','2026-04-23 15:20:12','2026-04-23 04:41:10',7,4,NULL,NULL,NULL,NULL,0);
INSERT INTO "vehicles" ("id","plate","brand","model","color","status","ticket_code","owner_name","owner_phone","owner_id_ref","parking_spot","damage_notes","damage_json","fee_amount","fee_paid","payment_method","valet_in","valet_out","check_in_at","check_out_at","created_at","session_id","daily_seq","owner_email","auth_token_1","auth_token_2","retrieval_token","conformity_signed") VALUES(36,'RRR-987','dacia','sandero','verde','retrieved','V00005','david cabrero','22222',NULL,NULL,NULL,'[]',0,0,NULL,NULL,NULL,'2026-04-23 04:59:56','2026-04-23 15:19:42','2026-04-23 04:59:56',7,5,NULL,NULL,NULL,NULL,0);
INSERT INTO "vehicles" ("id","plate","brand","model","color","status","ticket_code","owner_name","owner_phone","owner_id_ref","parking_spot","damage_notes","damage_json","fee_amount","fee_paid","payment_method","valet_in","valet_out","check_in_at","check_out_at","created_at","session_id","daily_seq","owner_email","auth_token_1","auth_token_2","retrieval_token","conformity_signed") VALUES(37,'PPP-555','ford','fiesta','azul','retrieved','V00006','carlos castillo','+34722838789',NULL,NULL,NULL,'[{"x":619.9298315567463,"y":860.3473580907914}]',0,0,NULL,NULL,NULL,'2026-04-23 14:44:23','2026-04-23 15:20:19','2026-04-23 14:44:23',7,6,NULL,NULL,NULL,NULL,0);
INSERT INTO "vehicles" ("id","plate","brand","model","color","status","ticket_code","owner_name","owner_phone","owner_id_ref","parking_spot","damage_notes","damage_json","fee_amount","fee_paid","payment_method","valet_in","valet_out","check_in_at","check_out_at","created_at","session_id","daily_seq","owner_email","auth_token_1","auth_token_2","retrieval_token","conformity_signed") VALUES(38,'VVV-555','NISSAN','SENTRA','GRIS','retrieved','V00007','CARLOS ACOSTA','04149121293',NULL,NULL,NULL,'[{"x":292.65712872912104,"y":843.5641885776191},{"x":220.27951175762703,"y":733.4243366644762},{"x":843.3563882948365,"y":821.5362181949905},{"x":830.7689766476202,"y":541.4663090444267},{"x":582.1675966150972,"y":547.7600148680349},{"x":437.41236267210917,"y":547.7600148680349},{"x":191.95783555139025,"y":547.7600148680349}]',0,0,NULL,NULL,NULL,'2026-04-23 14:52:46','2026-04-23 15:08:48','2026-04-23 14:52:46',7,7,NULL,NULL,NULL,NULL,0);
INSERT INTO "vehicles" ("id","plate","brand","model","color","status","ticket_code","owner_name","owner_phone","owner_id_ref","parking_spot","damage_notes","damage_json","fee_amount","fee_paid","payment_method","valet_in","valet_out","check_in_at","check_out_at","created_at","session_id","daily_seq","owner_email","auth_token_1","auth_token_2","retrieval_token","conformity_signed") VALUES(39,'LLL-999','LEXUS','M300','BLANCO','retrieved','V00008','ANTONIO CASTILLO','9121293',NULL,NULL,NULL,'[]',0,0,NULL,NULL,NULL,'2026-04-23 15:21:16','2026-04-23 15:21:45','2026-04-23 15:21:16',7,8,NULL,NULL,NULL,NULL,0);
INSERT INTO "vehicles" ("id","plate","brand","model","color","status","ticket_code","owner_name","owner_phone","owner_id_ref","parking_spot","damage_notes","damage_json","fee_amount","fee_paid","payment_method","valet_in","valet_out","check_in_at","check_out_at","created_at","session_id","daily_seq","owner_email","auth_token_1","auth_token_2","retrieval_token","conformity_signed") VALUES(40,'FFF-555','FIAT','UNO','ROJO','retrieved','V00012','INES GONZALEZ','04249876543',NULL,NULL,NULL,'[{"x":785.7141763431838,"y":194.84423531717565}]',0,0,NULL,NULL,NULL,'2026-04-23 15:43:34','2026-04-23 15:44:09','2026-04-23 15:43:34',8,12,NULL,NULL,NULL,NULL,0);
INSERT INTO "vehicles" ("id","plate","brand","model","color","status","ticket_code","owner_name","owner_phone","owner_id_ref","parking_spot","damage_notes","damage_json","fee_amount","fee_paid","payment_method","valet_in","valet_out","check_in_at","check_out_at","created_at","session_id","daily_seq","owner_email","auth_token_1","auth_token_2","retrieval_token","conformity_signed") VALUES(41,'VVV-444','TOYOTA','AUTANA','AZUL','retrieved','V00013','ALFONSO CALABRESE','17862254334',NULL,NULL,NULL,'[{"x":262.0208411009601,"y":380.55852650001646},{"x":443.9023587299959,"y":349.19964415018273},{"x":713.5887469385661,"y":129.68746770134646},{"x":506.62012342966335,"y":835.2623205726059}]',0,0,NULL,NULL,NULL,'2026-04-23 16:02:57','2026-04-23 16:03:27','2026-04-23 16:02:57',9,13,NULL,NULL,NULL,NULL,0);
INSERT INTO "vehicles" ("id","plate","brand","model","color","status","ticket_code","owner_name","owner_phone","owner_id_ref","parking_spot","damage_notes","damage_json","fee_amount","fee_paid","payment_method","valet_in","valet_out","check_in_at","check_out_at","created_at","session_id","daily_seq","owner_email","auth_token_1","auth_token_2","retrieval_token","conformity_signed") VALUES(42,'8304HRK','AUDI','A4','BLANCO','retrieved','V00014','nicolas betancourt','04142772998',NULL,NULL,NULL,'[]',0,0,NULL,NULL,NULL,'2026-04-23 17:47:44','2026-04-23 18:24:58','2026-04-23 17:47:44',10,14,NULL,NULL,NULL,NULL,0);
INSERT INTO "vehicles" ("id","plate","brand","model","color","status","ticket_code","owner_name","owner_phone","owner_id_ref","parking_spot","damage_notes","damage_json","fee_amount","fee_paid","payment_method","valet_in","valet_out","check_in_at","check_out_at","created_at","session_id","daily_seq","owner_email","auth_token_1","auth_token_2","retrieval_token","conformity_signed") VALUES(43,'8304HRK','AUDI','A4','BLANCO','retrieved','V00015','nicolas betancourt','04142772998',NULL,NULL,NULL,'[]',0,0,NULL,NULL,NULL,'2026-04-23 18:02:26','2026-04-23 18:24:47','2026-04-23 18:02:26',10,15,NULL,NULL,NULL,NULL,0);
INSERT INTO "vehicles" ("id","plate","brand","model","color","status","ticket_code","owner_name","owner_phone","owner_id_ref","parking_spot","damage_notes","damage_json","fee_amount","fee_paid","payment_method","valet_in","valet_out","check_in_at","check_out_at","created_at","session_id","daily_seq","owner_email","auth_token_1","auth_token_2","retrieval_token","conformity_signed") VALUES(44,'2896MYF','FIAT','500','azul','retrieved','V00016','INES GONZALEZ','+34600323232',NULL,NULL,NULL,'[]',0,0,NULL,NULL,NULL,'2026-04-23 18:23:52','2026-04-23 18:36:12','2026-04-23 18:23:52',10,16,NULL,'4546','2706',NULL,0);
INSERT INTO "vehicles" ("id","plate","brand","model","color","status","ticket_code","owner_name","owner_phone","owner_id_ref","parking_spot","damage_notes","damage_json","fee_amount","fee_paid","payment_method","valet_in","valet_out","check_in_at","check_out_at","created_at","session_id","daily_seq","owner_email","auth_token_1","auth_token_2","retrieval_token","conformity_signed") VALUES(45,'2805FCN','renault','megane','dorado','retrieved','V00017','juan perez','+346609898',NULL,NULL,NULL,'[{"x":621.9511028052266,"y":184.07552927683938}]',0,0,NULL,NULL,NULL,'2026-04-23 19:01:06','2026-04-23 19:12:22','2026-04-23 19:01:06',10,17,NULL,'4364','9660',NULL,0);
INSERT INTO "vehicles" ("id","plate","brand","model","color","status","ticket_code","owner_name","owner_phone","owner_id_ref","parking_spot","damage_notes","damage_json","fee_amount","fee_paid","payment_method","valet_in","valet_out","check_in_at","check_out_at","created_at","session_id","daily_seq","owner_email","auth_token_1","auth_token_2","retrieval_token","conformity_signed") VALUES(46,'1804MKB','Dacia','Spring','BLANCO','retrieved','V00018','Zity','+34722838789',NULL,NULL,NULL,'[{"x":767.2955974842768,"y":411.9496855345912},{"x":720.125786163522,"y":396.22641509433964},{"x":716.9811320754717,"y":427.6729559748428}]',0,0,NULL,NULL,NULL,'2026-04-24 07:23:22','2026-04-24 07:53:32','2026-04-24 07:23:22',11,18,NULL,'1624','8248',NULL,0);
INSERT INTO "vehicles" ("id","plate","brand","model","color","status","ticket_code","owner_name","owner_phone","owner_id_ref","parking_spot","damage_notes","damage_json","fee_amount","fee_paid","payment_method","valet_in","valet_out","check_in_at","check_out_at","created_at","session_id","daily_seq","owner_email","auth_token_1","auth_token_2","retrieval_token","conformity_signed") VALUES(47,'0725CDK','Peugeot','205','Negro','retrieved','V00019','Cliente 1','34722838788',NULL,NULL,NULL,'[{"x":223.27044025157232,"y":616.3522012578616}]',0,0,NULL,NULL,NULL,'2026-04-24 07:48:56','2026-04-24 08:08:46','2026-04-24 07:48:56',11,19,NULL,'3602','1009',NULL,0);
INSERT INTO "vehicles" ("id","plate","brand","model","color","status","ticket_code","owner_name","owner_phone","owner_id_ref","parking_spot","damage_notes","damage_json","fee_amount","fee_paid","payment_method","valet_in","valet_out","check_in_at","check_out_at","created_at","session_id","daily_seq","owner_email","auth_token_1","auth_token_2","retrieval_token","conformity_signed") VALUES(48,'7822JBW','Fiat','500','Azul','retrieved','V00020','Cliente 2','34722838788',NULL,NULL,NULL,'[]',0,0,NULL,NULL,NULL,'2026-04-24 07:51:45','2026-04-24 08:09:56','2026-04-24 07:51:45',11,20,NULL,'6099','1699',NULL,0);
INSERT INTO "vehicles" ("id","plate","brand","model","color","status","ticket_code","owner_name","owner_phone","owner_id_ref","parking_spot","damage_notes","damage_json","fee_amount","fee_paid","payment_method","valet_in","valet_out","check_in_at","check_out_at","created_at","session_id","daily_seq","owner_email","auth_token_1","auth_token_2","retrieval_token","conformity_signed") VALUES(49,'3756MTN','Dacia','Sandero','Blanco','retrieved','V00021','Cliente 3','04149121293',NULL,NULL,'Sucio','[]',0,0,NULL,NULL,NULL,'2026-04-24 07:59:43','2026-04-24 08:11:12','2026-04-24 07:59:43',11,21,NULL,'1215','5004',NULL,0);
INSERT INTO "vehicles" ("id","plate","brand","model","color","status","ticket_code","owner_name","owner_phone","owner_id_ref","parking_spot","damage_notes","damage_json","fee_amount","fee_paid","payment_method","valet_in","valet_out","check_in_at","check_out_at","created_at","session_id","daily_seq","owner_email","auth_token_1","auth_token_2","retrieval_token","conformity_signed") VALUES(50,'830304 HRK','AUDI','A4','BLANCO','parked','V00022','cliente 5','6607898',NULL,NULL,NULL,'[]',0,0,NULL,NULL,NULL,'2026-04-24 08:24:05',NULL,'2026-04-24 08:24:05',11,22,NULL,'6364','4485','1234',0);
CREATE TABLE events (
    id INTEGER PRIMARY KEY AUTOINCREMENT,
    vehicle_id INTEGER NOT NULL,
    user_id INTEGER NOT NULL,
    event_type TEXT NOT NULL,
    key_hook TEXT,
    slot_id INTEGER,
    ts TEXT DEFAULT CURRENT_TIMESTAMP,
    FOREIGN KEY(vehicle_id) REFERENCES vehicles(id)
  );
INSERT INTO "events" ("id","vehicle_id","user_id","event_type","key_hook","slot_id","ts") VALUES(1,3,1,'checkout_request',NULL,NULL,'2026-04-21 14:48:11');
INSERT INTO "events" ("id","vehicle_id","user_id","event_type","key_hook","slot_id","ts") VALUES(2,5,1,'checkout_request',NULL,NULL,'2026-04-21 15:07:14');
INSERT INTO "events" ("id","vehicle_id","user_id","event_type","key_hook","slot_id","ts") VALUES(3,7,1,'checkout_request',NULL,NULL,'2026-04-21 19:33:41');
INSERT INTO "events" ("id","vehicle_id","user_id","event_type","key_hook","slot_id","ts") VALUES(4,11,1,'checkout_request',NULL,NULL,'2026-04-21 21:07:03');
INSERT INTO "events" ("id","vehicle_id","user_id","event_type","key_hook","slot_id","ts") VALUES(5,38,1,'checkout_request',NULL,NULL,'2026-04-23 14:53:32');
INSERT INTO "events" ("id","vehicle_id","user_id","event_type","key_hook","slot_id","ts") VALUES(6,43,1,'checkout_request',NULL,NULL,'2026-04-23 18:03:38');
INSERT INTO "events" ("id","vehicle_id","user_id","event_type","key_hook","slot_id","ts") VALUES(7,46,1,'checkout_request',NULL,NULL,'2026-04-24 07:52:26');
INSERT INTO "events" ("id","vehicle_id","user_id","event_type","key_hook","slot_id","ts") VALUES(8,47,1,'checkout_request',NULL,NULL,'2026-04-24 08:01:59');
CREATE TABLE photos (
    id INTEGER PRIMARY KEY AUTOINCREMENT,
    vehicle_id INTEGER NOT NULL,
    url TEXT NOT NULL,
    FOREIGN KEY(vehicle_id) REFERENCES vehicles(id)
  );
INSERT INTO "photos" ("id","vehicle_id","url") VALUES(1,2,'2_0_1776781669558.jpg');
INSERT INTO "photos" ("id","vehicle_id","url") VALUES(2,3,'3_0_1776782447303.jpg');
INSERT INTO "photos" ("id","vehicle_id","url") VALUES(3,4,'4_0_1776783000463.jpg');
INSERT INTO "photos" ("id","vehicle_id","url") VALUES(4,5,'5_0_1776783919112.jpg');
INSERT INTO "photos" ("id","vehicle_id","url") VALUES(5,6,'6_0_1776784069090.jpg');
INSERT INTO "photos" ("id","vehicle_id","url") VALUES(6,7,'7_0_1776800002257.jpg');
INSERT INTO "photos" ("id","vehicle_id","url") VALUES(7,8,'8_0_1776802597481.jpg');
INSERT INTO "photos" ("id","vehicle_id","url") VALUES(8,9,'9_0_1776804881041.jpg');
INSERT INTO "photos" ("id","vehicle_id","url") VALUES(9,11,'11_0_1776805586017.jpg');
INSERT INTO "photos" ("id","vehicle_id","url") VALUES(10,12,'12_0_1776812672100.jpg');
INSERT INTO "photos" ("id","vehicle_id","url") VALUES(11,13,'13_0_1776834305404.jpg');
INSERT INTO "photos" ("id","vehicle_id","url") VALUES(12,14,'14_0_1776837437079.jpg');
INSERT INTO "photos" ("id","vehicle_id","url") VALUES(13,15,'15_0_1776837810118.jpg');
INSERT INTO "photos" ("id","vehicle_id","url") VALUES(14,20,'20_0_1776843457819.jpg');
INSERT INTO "photos" ("id","vehicle_id","url") VALUES(15,20,'20_1_1776843458206.jpg');
INSERT INTO "photos" ("id","vehicle_id","url") VALUES(16,20,'20_2_1776843458406.jpg');
INSERT INTO "photos" ("id","vehicle_id","url") VALUES(17,21,'21_0_1776849733409.jpg');
INSERT INTO "photos" ("id","vehicle_id","url") VALUES(18,23,'23_0_1776849901961.jpg');
INSERT INTO "photos" ("id","vehicle_id","url") VALUES(19,31,'31_0_1776863714061.jpg');
INSERT INTO "photos" ("id","vehicle_id","url") VALUES(20,42,'photos/8304HRK/2_1776966464464.jpg');
INSERT INTO "photos" ("id","vehicle_id","url") VALUES(21,42,'photos/8304HRK/4_1776966464863.jpg');
INSERT INTO "photos" ("id","vehicle_id","url") VALUES(22,42,'photos/8304HRK/8_1776966465044.jpg');
INSERT INTO "photos" ("id","vehicle_id","url") VALUES(23,42,'photos/8304HRK/10_1776966465284.jpg');
INSERT INTO "photos" ("id","vehicle_id","url") VALUES(24,43,'photos/8304HRK/2_1776967346307.jpg');
INSERT INTO "photos" ("id","vehicle_id","url") VALUES(25,43,'photos/8304HRK/4_1776967346526.jpg');
INSERT INTO "photos" ("id","vehicle_id","url") VALUES(26,43,'photos/8304HRK/8_1776967346744.jpg');
INSERT INTO "photos" ("id","vehicle_id","url") VALUES(27,43,'photos/8304HRK/10_1776967347037.jpg');
INSERT INTO "photos" ("id","vehicle_id","url") VALUES(28,44,'photos/2896MYF/2_1776968632314.jpg');
INSERT INTO "photos" ("id","vehicle_id","url") VALUES(29,44,'photos/2896MYF/10_1776968632522.jpg');
INSERT INTO "photos" ("id","vehicle_id","url") VALUES(30,45,'photos/2805FCN/2_1776970866364.jpg');
INSERT INTO "photos" ("id","vehicle_id","url") VALUES(31,45,'photos/2805FCN/10_1776970866788.jpg');
INSERT INTO "photos" ("id","vehicle_id","url") VALUES(32,46,'photos/1804MKB/2_1777015402945.jpg');
INSERT INTO "photos" ("id","vehicle_id","url") VALUES(33,46,'photos/1804MKB/4_1777015403132.jpg');
INSERT INTO "photos" ("id","vehicle_id","url") VALUES(34,46,'photos/1804MKB/8_1777015403322.jpg');
INSERT INTO "photos" ("id","vehicle_id","url") VALUES(35,46,'photos/1804MKB/10_1777015403552.jpg');
INSERT INTO "photos" ("id","vehicle_id","url") VALUES(36,47,'photos/0725CDK/2_1777016936261.jpg');
INSERT INTO "photos" ("id","vehicle_id","url") VALUES(37,47,'photos/0725CDK/4_1777016936458.jpg');
INSERT INTO "photos" ("id","vehicle_id","url") VALUES(38,47,'photos/0725CDK/8_1777016936659.jpg');
INSERT INTO "photos" ("id","vehicle_id","url") VALUES(39,47,'photos/0725CDK/10_1777016936827.jpg');
INSERT INTO "photos" ("id","vehicle_id","url") VALUES(40,48,'photos/7822JBW/2_1777017105910.jpg');
INSERT INTO "photos" ("id","vehicle_id","url") VALUES(41,48,'photos/7822JBW/4_1777017106068.jpg');
INSERT INTO "photos" ("id","vehicle_id","url") VALUES(42,48,'photos/7822JBW/8_1777017106336.jpg');
INSERT INTO "photos" ("id","vehicle_id","url") VALUES(43,48,'photos/7822JBW/10_1777017106539.jpg');
INSERT INTO "photos" ("id","vehicle_id","url") VALUES(44,49,'photos/3756MTN/2_1777017583596.jpg');
INSERT INTO "photos" ("id","vehicle_id","url") VALUES(45,49,'photos/3756MTN/4_1777017583850.jpg');
INSERT INTO "photos" ("id","vehicle_id","url") VALUES(46,49,'photos/3756MTN/8_1777017584115.jpg');
INSERT INTO "photos" ("id","vehicle_id","url") VALUES(47,49,'photos/3756MTN/10_1777017584365.jpg');
INSERT INTO "photos" ("id","vehicle_id","url") VALUES(48,50,'photos/830304 HRK/2_1777019045133.jpg');
INSERT INTO "photos" ("id","vehicle_id","url") VALUES(49,50,'photos/830304 HRK/4_1777019045314.jpg');
INSERT INTO "photos" ("id","vehicle_id","url") VALUES(50,50,'photos/830304 HRK/8_1777019045488.jpg');
INSERT INTO "photos" ("id","vehicle_id","url") VALUES(51,50,'photos/830304 HRK/10_1777019045680.jpg');
CREATE TABLE messages (
    id INTEGER PRIMARY KEY AUTOINCREMENT,
    vehicle_id INTEGER NOT NULL,
    from_role TEXT NOT NULL,
    to_role TEXT NOT NULL,
    text TEXT NOT NULL,
    ts TEXT DEFAULT CURRENT_TIMESTAMP,
    FOREIGN KEY(vehicle_id) REFERENCES vehicles(id)
  );
INSERT INTO "messages" ("id","vehicle_id","from_role","to_role","text","ts") VALUES(1,8,'staff','client','Hola','2026-04-21 21:35:54');
INSERT INTO "messages" ("id","vehicle_id","from_role","to_role","text","ts") VALUES(2,19,'staff','client','prueba','2026-04-22 06:44:33');
INSERT INTO "messages" ("id","vehicle_id","from_role","to_role","text","ts") VALUES(3,26,'staff','client','Hola','2026-04-22 12:20:17');
CREATE TABLE metrics (
    id INTEGER PRIMARY KEY AUTOINCREMENT,
    vehicle_id INTEGER NOT NULL,
    avg_time INTEGER,
    alerts_count INTEGER DEFAULT 0,
    FOREIGN KEY(vehicle_id) REFERENCES vehicles(id)
  );
CREATE TABLE sessions (id INTEGER PRIMARY KEY AUTOINCREMENT, name TEXT NOT NULL, status TEXT DEFAULT 'open', started_at TEXT DEFAULT CURRENT_TIMESTAMP, ended_at TEXT);
INSERT INTO "sessions" ("id","name","status","started_at","ended_at") VALUES(1,'20260421-ELITE','closed','2026-04-21 18:16:17','2026-04-21 18:16:37');
INSERT INTO "sessions" ("id","name","status","started_at","ended_at") VALUES(2,'20260421-ELITE','closed','2026-04-21 19:23:25','2026-04-21 19:37:16');
INSERT INTO "sessions" ("id","name","status","started_at","ended_at") VALUES(3,'20260421-Cumpleaños Matías ','closed','2026-04-21 20:30:59','2026-04-21 22:22:32');
INSERT INTO "sessions" ("id","name","status","started_at","ended_at") VALUES(4,'20260422-Prueba miércoles 22/04','closed','2026-04-22 05:01:07','2026-04-22 05:10:24');
INSERT INTO "sessions" ("id","name","status","started_at","ended_at") VALUES(5,'20260422-Cumpleaños del #1','closed','2026-04-22 11:28:07','2026-04-22 12:36:19');
INSERT INTO "sessions" ("id","name","status","started_at","ended_at") VALUES(6,'20260422-MAYAMI-PRUEBA','closed','2026-04-22 13:10:05','2026-04-22 13:47:37');
INSERT INTO "sessions" ("id","name","status","started_at","ended_at") VALUES(7,'Jueves ','closed','2026-04-22 23:47:52','2026-04-23 15:32:24');
INSERT INTO "sessions" ("id","name","status","started_at","ended_at") VALUES(8,'JUEVES20260423','closed','2026-04-23 15:40:41','2026-04-23 15:44:40');
INSERT INTO "sessions" ("id","name","status","started_at","ended_at") VALUES(9,'MATRIMONIO ALFONSO','closed','2026-04-23 16:01:58','2026-04-23 16:03:48');
INSERT INTO "sessions" ("id","name","status","started_at","ended_at") VALUES(10,'JUEVES260423','closed','2026-04-23 17:01:54','2026-04-23 19:23:51');
INSERT INTO "sessions" ("id","name","status","started_at","ended_at") VALUES(11,'20260424_VIERNES','active','2026-04-24 04:42:44',NULL);
DELETE FROM sqlite_sequence;
INSERT INTO "sqlite_sequence" ("name","seq") VALUES('slots',30);
INSERT INTO "sqlite_sequence" ("name","seq") VALUES('users',166);
INSERT INTO "sqlite_sequence" ("name","seq") VALUES('vehicles_old',3);
INSERT INTO "sqlite_sequence" ("name","seq") VALUES('vehicles',50);
INSERT INTO "sqlite_sequence" ("name","seq") VALUES('photos',51);
INSERT INTO "sqlite_sequence" ("name","seq") VALUES('events',8);
INSERT INTO "sqlite_sequence" ("name","seq") VALUES('sessions',11);
INSERT INTO "sqlite_sequence" ("name","seq") VALUES('messages',3);
